,true_labels,predicted_labels
29155,5,5
12299,1,1
28304,5,0
22716,3,3
1398,0,0
15904,2,2
22629,3,3
20993,3,3
27096,5,0
31523,6,3
3445,0,0
1555,0,0
12487,1,1
9477,1,1
29770,6,6
26125,4,1
31619,6,0
1255,0,0
15526,2,2
1588,0,0
20038,3,3
843,0,0
30151,6,0
15569,2,2
19138,2,1
29729,5,5
27199,5,5
10594,1,1
24448,3,1
2893,0,0
2527,0,0
32459,6,3
14285,1,0
18846,2,2
13259,1,1
27875,5,5
7278,0,0
14143,1,1
14100,1,1
13377,1,1
7981,0,0
31228,6,6
5040,0,0
10087,1,1
20158,3,3
29602,5,5
3517,0,0
11031,1,1
12890,1,1
18123,2,0
26972,5,0
5576,0,0
25347,4,3
18941,2,2
30281,6,0
23402,3,3
30135,6,3
22234,3,3
15741,2,1
3776,0,0
8731,1,1
3834,0,0
25644,4,0
14784,2,0
6206,0,0
22311,3,3
10019,1,1
6202,0,0
26804,5,5
20785,3,2
14514,2,1
3578,0,0
4084,0,0
26452,5,0
10276,1,1
28291,5,5
21348,3,3
3160,0,0
11598,1,1
19207,2,2
6214,0,0
10814,1,1
13143,1,1
16070,2,2
32528,6,2
7486,0,0
31353,6,6
23860,3,3
7508,0,0
20776,3,3
23231,3,3
29271,5,5
16115,2,2
14446,2,2
10133,1,1
13538,1,1
27496,5,0
18729,2,2
22946,3,3
7161,0,0
11915,1,1
13344,1,1
13078,1,1
27574,5,5
3246,0,0
15763,2,3
13691,1,1
21405,3,3
27004,5,5
7955,0,0
26579,5,5
32236,6,0
13206,1,1
19696,3,3
3242,0,0
14370,1,1
15291,2,2
12351,1,1
20988,3,3
9555,1,1
31943,6,3
24319,3,3
14148,1,1
14766,2,1
25513,4,4
31412,6,3
8180,0,0
18413,2,2
28355,5,5
30575,6,6
11854,1,1
27627,5,0
11204,1,1
10365,1,1
28332,5,5
369,0,0
216,0,0
32226,6,3
25913,4,4
19712,3,3
31315,6,6
24931,4,4
25652,4,1
26868,5,5
14406,1,1
2406,0,0
31917,6,3
14399,1,1
2001,0,0
2213,0,0
21430,3,3
2772,0,0
29616,5,1
1923,0,0
3068,0,0
25704,4,3
9124,1,1
26493,5,0
2497,0,0
14084,1,1
3580,0,0
2842,0,0
31652,6,6
19408,3,6
20782,3,3
9320,1,1
23350,3,3
18136,2,3
31684,6,6
24880,4,3
12528,1,1
19984,3,3
10463,1,1
18669,2,2
6290,0,0
17202,2,3
2622,0,0
19144,2,1
10572,1,1
19659,3,3
8494,1,1
27184,5,5
32154,6,6
7760,0,0
1023,0,0
18308,2,3
3732,0,0
28636,5,5
23512,3,3
13981,1,1
6291,0,0
196,0,0
29491,5,5
21068,3,3
18251,2,2
12804,1,1
23516,3,3
13061,1,1
2518,0,0
23791,3,3
6753,0,0
20727,3,3
32580,6,3
20484,3,1
20838,3,3
20910,3,3
25002,4,4
16189,2,0
14145,1,1
20752,3,3
29114,5,5
22799,3,3
22095,3,3
12195,1,1
18675,2,2
31011,6,3
20367,3,1
8925,1,1
28064,5,0
14829,2,0
5096,0,0
31378,6,3
19398,3,3
3282,0,0
15260,2,3
10924,1,1
10269,1,1
27308,5,3
18586,2,2
4847,0,0
10272,1,1
23353,3,0
24266,3,2
9384,1,1
21235,3,3
3619,0,0
10925,1,1
10075,1,1
29255,5,5
10533,1,1
23039,3,3
24947,4,4
10563,1,1
3286,0,0
2140,0,0
20035,3,3
14795,2,2
28116,5,5
10124,1,1
1278,0,0
26356,4,0
22606,3,3
17854,2,2
23334,3,3
1377,0,0
3193,0,0
26179,4,3
9378,1,1
27265,5,1
14649,2,2
28910,5,3
27744,5,5
22197,3,3
11900,1,3
21002,3,3
18363,2,1
21570,3,3
6725,0,0
6169,0,0
19676,3,3
8769,1,1
23194,3,3
22021,3,1
3592,0,0
11057,1,1
2286,0,0
19726,3,1
29066,5,5
11402,1,1
16408,2,3
17975,2,2
3639,0,0
22962,3,3
29131,5,0
17287,2,2
345,0,0
7071,0,0
29039,5,0
21417,3,1
585,0,0
10643,1,3
17372,2,2
3507,0,0
18512,2,3
12801,1,1
24225,3,3
20798,3,0
18421,2,3
13151,1,1
16688,2,2
24689,4,1
21003,3,3
17701,2,2
28826,5,3
28872,5,0
17666,2,2
31956,6,6
28364,5,0
19039,2,2
31344,6,1
19051,2,2
4519,0,0
11773,1,1
25224,4,2
19444,3,3
28324,5,5
17406,2,2
24479,3,3
25508,4,4
25013,4,0
83,0,0
24863,4,0
9831,1,1
12659,1,1
24066,3,3
24415,3,3
1520,0,0
5384,0,0
25204,4,0
26528,5,5
17223,2,2
25638,4,1
28993,5,5
10769,1,1
5836,0,0
31585,6,3
25362,4,2
28363,5,5
25116,4,0
16792,2,0
14652,2,2
19671,3,2
8999,1,1
5754,0,0
4237,0,0
3697,0,0
11701,1,1
18622,2,1
14699,2,0
19433,3,3
29590,5,3
26606,5,5
11242,1,1
9771,1,1
10011,1,1
29668,5,5
25046,4,4
7790,0,0
26257,4,2
25441,4,0
19845,3,0
24671,4,4
16545,2,2
20986,3,3
13483,1,1
10408,1,1
16777,2,3
1456,0,0
4372,0,0
9790,1,1
14163,1,1
16677,2,2
499,0,0
7030,0,0
4989,0,3
4246,0,0
24556,3,3
24550,3,3
24291,3,1
12286,1,1
222,0,0
11056,1,1
18121,2,2
9681,1,1
3115,0,0
21998,3,3
30646,6,3
22685,3,3
8794,1,1
10508,1,1
6373,0,0
26830,5,5
14176,1,1
15533,2,2
21023,3,3
4448,0,0
21210,3,3
14320,1,1
16168,2,2
17762,2,2
27560,5,5
2900,0,0
19437,3,3
7449,0,0
15499,2,2
27048,5,5
30063,6,3
6824,0,0
21027,3,3
18075,2,2
19379,3,3
31489,6,1
25955,4,1
8643,1,1
4851,0,0
2960,0,0
29292,5,5
27380,5,5
25726,4,4
17035,2,2
32407,6,3
21426,3,3
17394,2,2
25802,4,4
15874,2,2
31205,6,6
11792,1,1
28084,5,5
12745,1,1
5551,0,0
29251,5,5
15218,2,3
7481,0,0
408,0,0
21082,3,3
27395,5,3
13740,1,1
31839,6,6
4457,0,0
30701,6,6
4589,0,0
7472,0,0
18927,2,2
9020,1,1
27100,5,1
6904,0,0
14640,2,2
32255,6,2
26687,5,0
8225,1,1
12923,1,1
13133,1,1
13433,1,1
19589,3,3
29508,5,3
16992,2,2
6857,0,0
11119,1,1
16812,2,0
19106,2,2
29800,6,3
25617,4,3
9805,1,1
30488,6,0
27049,5,5
20882,3,3
7422,0,0
1487,0,0
31596,6,6
18318,2,3
21813,3,3
13321,1,1
16155,2,2
15412,2,2
2564,0,0
23806,3,3
32023,6,6
4845,0,0
28243,5,5
16222,2,2
29240,5,0
11018,1,1
6760,0,0
32013,6,0
29637,5,0
17481,2,2
26464,5,5
4819,0,0
24986,4,4
15028,2,2
4235,0,0
5814,0,0
2649,0,0
30327,6,6
12513,1,1
7047,0,0
27566,5,0
11812,1,1
7609,0,0
4227,0,0
14128,1,1
3132,0,0
6676,0,0
26265,4,4
573,0,0
21397,3,3
18447,2,2
5715,0,0
18873,2,0
22940,3,3
23339,3,3
30674,6,3
22674,3,6
26721,5,5
4738,0,0
17078,2,0
1337,0,0
21160,3,6
32491,6,3
24085,3,3
8282,1,1
14223,1,1
27958,5,1
25940,4,0
28166,5,5
5843,0,0
9845,1,1
30043,6,6
12799,1,1
27886,5,3
22323,3,6
27908,5,5
9089,1,1
27652,5,5
24989,4,4
11282,1,1
13282,1,1
17464,2,2
24387,3,3
11505,1,1
4744,0,0
8292,1,1
15293,2,0
21084,3,3
11764,1,1
3929,0,0
32311,6,3
31079,6,0
2119,0,0
12774,1,1
29276,5,5
12704,1,1
17390,2,0
6011,0,0
8184,0,0
23407,3,3
29700,5,5
23904,3,3
30753,6,1
30194,6,0
8300,1,1
5186,0,0
8040,0,0
3402,0,0
24044,3,6
30837,6,6
12681,1,1
8247,1,1
10497,1,1
1815,0,0
15443,2,3
19644,3,3
12358,1,1
10092,1,1
3378,0,0
25705,4,3
9434,1,1
1912,0,0
31944,6,3
5100,0,0
16316,2,2
18247,2,2
28422,5,0
11153,1,1
24185,3,3
25241,4,3
19064,2,2
3525,0,0
24073,3,3
27545,5,5
5799,0,0
21070,3,3
15975,2,2
23698,3,3
30159,6,3
10175,1,1
20044,3,3
24670,4,4
11661,1,1
8575,1,1
22847,3,3
19163,2,3
9469,1,1
10968,1,1
2856,0,0
22464,3,3
24227,3,3
3660,0,0
28816,5,0
30745,6,3
9363,1,1
10205,1,1
17499,2,2
15350,2,1
3189,0,0
19429,3,3
29559,5,5
21595,3,3
12908,1,1
29248,5,5
22798,3,3
4384,0,0
13602,1,1
30650,6,6
31845,6,3
8171,0,0
3000,0,0
17956,2,2
8478,1,1
32582,6,3
19400,3,3
22050,3,3
5610,0,0
12066,1,1
20849,3,1
30384,6,6
1090,0,0
20952,3,3
9704,1,1
3601,0,0
20728,3,3
6070,0,0
9739,1,1
21763,3,3
12608,1,1
27388,5,5
8517,1,1
22576,3,2
18113,2,2
29582,5,5
20359,3,3
19828,3,3
1406,0,0
29311,5,5
7986,0,0
5908,0,0
21875,3,0
13953,1,3
19784,3,3
388,0,0
11674,1,1
21814,3,5
10579,1,1
12624,1,1
9125,1,1
15750,2,2
17613,2,1
4219,0,0
21828,3,3
4955,0,0
22237,3,3
8293,1,1
3113,0,0
6745,0,0
2240,0,0
13297,1,5
9520,1,1
25042,4,4
15785,2,2
9473,1,1
13365,1,1
29102,5,0
12805,1,1
11808,1,1
28060,5,0
30603,6,3
8214,1,1
22992,3,3
11099,1,1
18216,2,2
4890,0,0
22062,3,3
21580,3,3
26254,4,4
25129,4,2
8688,1,2
13099,1,1
24702,4,1
30253,6,3
9642,1,1
27559,5,0
24168,3,3
19114,2,2
3923,0,0
19821,3,5
17062,2,2
27178,5,0
4810,0,0
28083,5,5
21163,3,3
27489,5,0
6145,0,0
16008,2,2
26986,5,5
20348,3,3
12365,1,1
11679,1,1
4645,0,0
11943,1,1
18126,2,3
30652,6,3
3579,0,2
8653,1,1
9405,1,1
14927,2,2
3673,0,0
31990,6,3
8283,1,1
4341,0,0
10890,1,1
20773,3,3
6392,0,0
14443,1,1
22468,3,3
5688,0,0
22072,3,3
24866,4,4
10180,1,1
12573,1,1
11420,1,1
7748,0,0
13702,1,1
8879,1,1
32057,6,6
22713,3,3
14313,1,1
3353,0,0
7539,0,0
27470,5,5
30485,6,3
28040,5,2
13287,1,1
28946,5,5
491,0,3
17402,2,3
19076,2,2
15746,2,2
29358,5,5
24355,3,3
12933,1,0
13529,1,0
19718,3,3
22225,3,3
7696,0,0
5453,0,0
3096,0,0
2554,0,0
31514,6,3
7781,0,0
4410,0,0
5467,0,0
27293,5,6
3386,0,0
12735,1,1
32421,6,6
25959,4,3
26463,5,0
23825,3,3
18821,2,2
2730,0,0
15022,2,2
8364,1,0
5640,0,0
31764,6,6
22061,3,3
29025,5,5
28131,5,5
27815,5,5
16518,2,2
5227,0,0
27466,5,5
21858,3,3
7474,0,0
5553,0,0
15415,2,2
26353,4,2
31567,6,3
9932,1,1
1731,0,0
1109,0,0
8403,1,1
1530,0,0
821,0,0
19434,3,3
4981,0,0
5139,0,0
20453,3,3
21207,3,3
2847,0,0
12729,1,1
18078,2,0
32533,6,3
13175,1,1
16000,2,0
4716,0,0
10231,1,1
3752,0,0
30145,6,6
29891,6,6
2425,0,0
8976,1,1
31504,6,1
17998,2,2
26450,5,5
10016,1,3
3047,0,0
19010,2,5
7317,0,0
23229,3,3
20383,3,1
15912,2,2
7049,0,0
16072,2,2
30642,6,3
30247,6,0
16912,2,2
5135,0,0
24709,4,3
24900,4,4
30222,6,6
17512,2,2
31572,6,3
12968,1,1
16429,2,2
23385,3,3
26318,4,4
20290,3,3
13075,1,1
25466,4,4
21076,3,3
25639,4,4
18662,2,3
32224,6,3
19908,3,3
1616,0,0
10491,1,1
22354,3,3
3789,0,0
6346,0,0
3315,0,0
2201,0,0
27583,5,5
28075,5,5
8373,1,1
22025,3,3
28659,5,5
28450,5,5
28697,5,0
24100,3,3
11836,1,1
23034,3,3
16612,2,2
1288,0,0
1412,0,0
27921,5,0
28789,5,5
30391,6,3
26872,5,5
20001,3,3
6528,0,0
30410,6,3
32454,6,0
7571,0,0
11783,1,1
1291,0,0
27781,5,5
20413,3,3
9648,1,1
28268,5,5
15538,2,2
31278,6,6
31687,6,3
7891,0,0
24681,4,4
24541,3,2
13678,1,1
18065,2,1
25775,4,1
18335,2,0
25486,4,4
29138,5,0
25865,4,4
21393,3,3
1331,0,0
10608,1,1
14517,2,0
16069,2,2
18426,2,0
21100,3,3
15465,2,2
20959,3,3
14913,2,2
23083,3,3
29649,5,0
16735,2,1
14656,2,2
14524,2,1
2536,0,0
28934,5,5
3829,0,0
4186,0,0
15026,2,3
12556,1,1
457,0,0
6000,0,0
22743,3,3
30640,6,3
7745,0,0
24367,3,3
16262,2,2
96,0,0
9880,1,1
10936,1,1
7822,0,0
22546,3,3
13906,1,1
5183,0,0
18266,2,1
26041,4,1
6708,0,0
30945,6,6
7267,0,0
10779,1,1
4121,0,0
31503,6,6
10718,1,1
20204,3,3
9985,1,1
9295,1,1
24599,4,3
217,0,0
2034,0,0
2858,0,0
1247,0,0
2388,0,0
28966,5,1
19673,3,3
11897,1,1
1959,0,0
21166,3,3
15420,2,2
25815,4,4
10351,1,1
17344,2,2
7085,0,0
15647,2,2
16004,2,3
22100,3,3
4962,0,0
3184,0,0
10035,1,1
3921,0,0
18441,2,2
3502,0,0
625,0,0
26325,4,2
24113,3,1
19471,3,3
14741,2,2
9779,1,1
13607,1,1
17891,2,2
16213,2,2
27805,5,5
11858,1,1
11627,1,1
10675,1,1
12527,1,1
6010,0,0
24324,3,3
31165,6,0
18063,2,2
25406,4,3
210,0,0
14302,1,1
17851,2,2
22818,3,3
462,0,0
12800,1,1
7080,0,0
19568,3,3
5377,0,0
27475,5,5
20089,3,3
27250,5,5
2231,0,0
20210,3,3
9573,1,1
25823,4,2
10388,1,3
27116,5,0
7136,0,0
4393,0,0
12649,1,1
1981,0,0
30142,6,6
28997,5,0
890,0,0
6112,0,0
2715,0,0
6427,0,0
24789,4,1
24564,3,6
10154,1,1
7229,0,0
29081,5,5
32235,6,3
29816,6,6
28981,5,5
9246,1,1
17346,2,2
27416,5,0
20600,3,3
29379,5,5
28147,5,0
20146,3,3
2754,0,0
655,0,0
4254,0,0
15110,2,2
15839,2,2
25044,4,2
25428,4,4
8692,1,1
27114,5,5
7534,0,0
7277,0,0
21279,3,3
28747,5,5
13000,1,1
1791,0,0
15716,2,1
27761,5,5
13024,1,1
31637,6,6
16467,2,2
9440,1,1
7515,0,0
9123,1,1
26825,5,0
22027,3,1
30616,6,0
2153,0,0
18481,2,1
8454,1,1
14967,2,2
31255,6,6
9761,1,1
15397,2,2
15838,2,2
624,0,0
26109,4,0
13657,1,1
28675,5,0
7889,0,0
10519,1,1
22470,3,3
27147,5,5
29535,5,0
20318,3,3
9737,1,1
29659,5,2
28089,5,5
5327,0,0
16328,2,2
21052,3,3
4469,0,0
9091,1,1
30578,6,0
20902,3,2
25738,4,3
29285,5,5
23163,3,3
32063,6,3
22955,3,3
26815,5,5
32032,6,1
12432,1,1
16839,2,3
16367,2,3
26784,5,5
5511,0,0
30534,6,1
2275,0,0
23046,3,3
24708,4,1
18082,2,2
15340,2,2
8723,1,1
762,0,0
6742,0,0
31295,6,3
30717,6,3
8393,1,1
13722,1,1
15199,2,2
15243,2,2
29966,6,3
16250,2,2
4419,0,0
20568,3,3
3798,0,0
1866,0,0
20243,3,3
15019,2,2
1837,0,0
31561,6,3
9301,1,1
18541,2,2
23837,3,3
21297,3,3
3594,0,0
9138,1,1
10021,1,1
29613,5,5
4813,0,0
32543,6,2
9350,1,1
9778,1,1
1427,0,0
25621,4,3
29195,5,0
14884,2,2
25278,4,0
17268,2,2
16786,2,1
24697,4,2
6925,0,0
30183,6,6
15724,2,2
16947,2,2
27803,5,0
30314,6,1
18116,2,2
17933,2,1
1655,0,0
13328,1,1
10684,1,1
21914,3,3
2710,0,0
19427,3,3
6826,0,0
18379,2,2
11623,1,1
30270,6,6
14711,2,2
30465,6,6
4273,0,0
10091,1,1
2885,0,0
22217,3,3
15273,2,0
4844,0,0
896,0,0
15242,2,2
9800,1,1
15546,2,1
32090,6,0
30350,6,6
26597,5,5
10650,1,1
27555,5,1
23024,3,6
21086,3,1
22817,3,3
3710,0,0
13549,1,1
928,0,0
12793,1,1
28356,5,5
465,0,0
24371,3,3
25381,4,3
1281,0,0
7554,0,0
17869,2,2
22344,3,3
2678,0,0
9707,1,1
10191,1,3
19353,3,3
10337,1,1
6730,0,0
14834,2,2
18940,2,2
9960,1,1
28878,5,5
24553,3,3
7439,0,0
21105,3,3
23392,3,3
12645,1,1
14682,2,2
32045,6,6
25001,4,4
8978,1,1
8057,0,0
9607,1,1
13938,1,1
25615,4,2
4449,0,0
4540,0,0
23235,3,3
29575,5,5
19312,3,2
24129,3,3
1788,0,0
29783,6,6
4220,0,0
20720,3,3
5859,0,0
1043,0,0
7138,0,0
7495,0,0
11636,1,1
24097,3,3
27445,5,5
15336,2,2
5225,0,0
24082,3,3
243,0,0
23943,3,2
17314,2,2
15045,2,2
20531,3,3
7563,0,0
7091,0,0
12220,1,1
11502,1,0
11476,1,1
4156,0,0
21237,3,1
4241,0,0
8188,0,0
10366,1,3
5403,0,0
30998,6,3
4160,0,0
10275,1,1
22441,3,3
2331,0,0
1786,0,0
13177,1,1
12639,1,1
1188,0,0
1660,0,0
8256,1,1
32047,6,3
15137,2,3
11428,1,1
23677,3,3
20664,3,3
6164,0,0
4659,0,0
13002,1,1
3792,0,0
32189,6,3
428,0,0
14351,1,1
19949,3,3
22808,3,3
5343,0,0
25144,4,1
22269,3,3
31265,6,3
24645,4,2
16293,2,0
12184,1,1
4143,0,0
14304,1,0
22888,3,3
4400,0,0
21152,3,3
16860,2,0
18461,2,0
17243,2,2
20905,3,3
13959,1,1
24451,3,3
25404,4,3
31350,6,0
29560,5,0
28677,5,0
9842,1,1
6596,0,0
12032,1,1
22160,3,1
16110,2,1
12135,1,2
10556,1,1
17605,2,2
30682,6,0
11911,1,1
18784,2,2
2874,0,0
23734,3,3
2308,0,0
17074,2,2
18829,2,0
3263,0,0
9358,1,1
24469,3,3
7553,0,0
1122,0,0
18599,2,2
7467,0,0
733,0,0
29996,6,6
27397,5,0
15461,2,2
10333,1,0
12052,1,1
725,0,0
4817,0,0
24061,3,3
27125,5,5
23504,3,3
30621,6,3
19697,3,3
5155,0,0
29213,5,5
19030,2,1
21496,3,2
6836,0,0
29968,6,1
22146,3,3
8341,1,1
18929,2,1
16175,2,2
22753,3,3
21686,3,3
2029,0,0
266,0,0
13363,1,1
24485,3,3
30443,6,6
13346,1,1
31244,6,0
23133,3,3
30407,6,0
27993,5,5
20235,3,3
28871,5,0
9100,1,1
7510,0,0
9273,1,1
24969,4,3
9176,1,1
4209,0,0
29815,6,3
18035,2,1
24856,4,4
4181,0,0
24096,3,3
14902,2,2
15429,2,2
29173,5,5
31974,6,0
5386,0,0
5094,0,0
729,0,0
11857,1,1
26923,5,0
27189,5,5
30432,6,0
32537,6,3
30238,6,6
7840,0,0
1092,0,0
23532,3,3
8979,1,1
21306,3,3
14630,2,2
15827,2,0
3876,0,0
3219,0,0
17176,2,2
23612,3,3
21788,3,3
21784,3,3
20301,3,4
24979,4,0
13634,1,1
11615,1,1
23204,3,3
30783,6,3
31568,6,3
18882,2,2
5018,0,0
11775,1,1
23798,3,1
24012,3,6
1668,0,0
19940,3,3
12202,1,1
19240,3,3
29520,5,5
27173,5,5
16090,2,2
19681,3,3
31402,6,3
17698,2,2
31744,6,6
22007,3,3
30817,6,0
30592,6,6
19237,3,3
32264,6,6
4032,0,0
10630,1,1
17399,2,1
4970,0,0
30924,6,3
873,0,0
17723,2,2
28031,5,5
3901,0,0
8255,1,1
4932,0,0
22758,3,3
9086,1,1
14115,1,1
5927,0,0
273,0,0
1330,0,0
17707,2,3
11967,1,1
18086,2,2
22696,3,3
27814,5,5
19211,2,2
22627,3,3
423,0,0
8986,1,1
15922,2,2
28911,5,1
12626,1,5
7293,0,0
26849,5,0
13940,1,1
1298,0,0
17446,2,2
14876,2,2
18191,2,2
22698,3,6
19013,2,2
5222,0,0
22801,3,3
13415,1,1
7456,0,0
11605,1,1
27075,5,5
16400,2,2
12633,1,1
3108,0,0
10042,1,1
6399,0,0
5165,0,0
14412,1,1
24055,3,3
16887,2,2
20427,3,3
25349,4,2
26949,5,5
5354,0,0
15391,2,2
2344,0,0
996,0,0
20458,3,3
6455,0,0
16516,2,3
7488,0,0
20794,3,3
12553,1,1
1339,0,0
22120,3,3
23523,3,3
31885,6,3
22287,3,3
22585,3,0
4993,0,0
5706,0,0
14180,1,1
30505,6,6
5348,0,0
9419,1,1
24984,4,3
5068,0,0
6526,0,0
1516,0,0
850,0,0
15484,2,2
22509,3,3
15094,2,2
11264,1,1
8980,1,1
29122,5,0
23000,3,3
19047,2,2
27180,5,0
13020,1,1
6481,0,1
16665,2,0
25914,4,3
18453,2,1
4347,0,0
9401,1,1
9188,1,1
15322,2,2
18719,2,2
29250,5,3
25207,4,3
13225,1,1
15171,2,2
4913,0,0
6366,0,0
28390,5,5
28777,5,5
6460,0,0
4707,0,0
26869,5,0
20216,3,3
18053,2,3
6494,0,0
21317,3,3
18332,2,0
10138,1,1
3398,0,0
19221,2,3
14283,1,1
5803,0,0
14528,2,2
18641,2,1
2805,0,0
28204,5,2
7107,0,0
23801,3,3
14845,2,2
29400,5,0
19412,3,3
31923,6,0
5414,0,0
13082,1,1
12483,1,1
29429,5,5
11863,1,1
15661,2,1
10696,1,3
16354,2,2
15404,2,3
17693,2,2
17278,2,1
15237,2,2
28342,5,0
32096,6,2
14956,2,0
1227,0,0
31595,6,3
19405,3,3
22807,3,3
4165,0,0
27917,5,0
3813,0,0
14655,2,1
5595,0,0
20553,3,3
15550,2,3
27409,5,0
19178,2,1
24753,4,0
17934,2,2
10430,1,1
6442,0,0
3806,0,0
19754,3,3
1684,0,0
30175,6,3
8072,0,0
30694,6,2
23156,3,3
28005,5,5
5325,0,0
4688,0,0
23346,3,3
17620,2,3
359,0,0
26509,5,5
31458,6,1
27789,5,5
9443,1,1
16031,2,2
10902,1,1
22151,3,3
31863,6,1
19210,2,2
12295,1,1
1385,0,0
6835,0,0
25126,4,1
32168,6,3
9192,1,1
13557,1,1
11693,1,1
18853,2,2
20589,3,3
21530,3,3
17592,2,3
1328,0,0
13102,1,1
4894,0,0
8960,1,1
8119,0,0
5638,0,0
9688,1,1
2791,0,0
10146,1,1
12710,1,1
13915,1,1
3058,0,0
14985,2,3
14078,1,1
20726,3,3
4305,0,0
11501,1,1
4978,0,0
25839,4,4
1441,0,0
10483,1,1
18874,2,2
5731,0,0
22680,3,3
28909,5,5
16744,2,1
8914,1,1
18054,2,2
25836,4,2
1510,0,0
25281,4,2
14697,2,2
15361,2,2
16186,2,2
11828,1,1
20787,3,3
17142,2,2
25375,4,4
17766,2,2
29852,6,6
17847,2,0
21601,3,3
14131,1,1
8164,0,0
5218,0,0
20182,3,2
4771,0,0
16177,2,2
21504,3,3
23968,3,3
13542,1,1
9881,1,1
2361,0,0
26220,4,2
13011,1,1
13505,1,1
25305,4,4
21466,3,3
8135,0,0
9071,1,1
8193,1,1
26276,4,1
12795,1,1
12950,1,1
13475,1,1
6418,0,0
31925,6,1
3745,0,0
2208,0,0
29387,5,0
8355,1,1
22871,3,3
26555,5,0
30800,6,3
24882,4,4
21171,3,3
8574,1,1
7442,0,0
16305,2,5
14569,2,2
16356,2,2
20282,3,3
29069,5,5
12085,1,1
28185,5,5
8952,1,1
21273,3,3
23277,3,3
25377,4,0
12037,1,1
18980,2,2
14403,1,1
23701,3,3
14962,2,2
21855,3,3
14081,1,1
12162,1,1
24831,4,3
30019,6,3
20632,3,3
22497,3,3
8713,1,1
11191,1,1
19301,3,1
20640,3,3
578,0,0
12690,1,1
14970,2,1
28232,5,5
23739,3,3
27654,5,1
19121,2,2
16490,2,0
15601,2,0
16613,2,2
22170,3,6
19966,3,6
18353,2,1
2744,0,0
18704,2,1
2848,0,0
8487,1,1
8867,1,1
26075,4,4
8589,1,1
31648,6,6
22787,3,3
27507,5,5
20807,3,3
11436,1,1
14384,1,1
1318,0,0
22885,3,3
2095,0,0
14276,1,1
13430,1,1
22824,3,3
13724,1,1
3662,0,0
17236,2,2
30166,6,3
12617,1,1
20395,3,3
23518,3,3
27488,5,0
16926,2,2
5570,0,0
24177,3,3
23694,3,6
22675,3,3
24137,3,3
16419,2,2
7220,0,0
18206,2,2
31427,6,6
8459,1,1
5604,0,0
11988,1,1
14989,2,0
16030,2,2
30761,6,3
10004,1,1
3248,0,0
6529,0,0
31143,6,0
279,0,0
16342,2,2
23828,3,1
31799,6,1
30239,6,3
20552,3,3
2168,0,0
22030,3,3
16423,2,2
28959,5,5
19853,3,3
30676,6,1
3154,0,0
17746,2,0
27538,5,0
21845,3,2
5687,0,0
8390,1,1
29517,5,5
29579,5,0
15986,2,2
14689,2,1
12368,1,1
24179,3,3
8910,1,1
5114,0,0
8596,1,1
278,0,0
14726,2,2
26754,5,0
32039,6,6
31930,6,3
736,0,0
9212,1,1
18420,2,2
14240,1,1
24026,3,3
19609,3,3
13613,1,1
11917,1,1
3703,0,0
29431,5,0
19038,2,2
26540,5,1
5601,0,0
14803,2,2
936,0,0
11216,1,1
1197,0,0
2129,0,0
18837,2,1
30453,6,6
9279,1,1
13021,1,1
17108,2,0
9366,1,1
26178,4,2
27701,5,0
13424,1,1
9606,1,1
10397,1,1
21657,3,3
18059,2,1
27229,5,5
12277,1,1
27153,5,5
31321,6,6
17554,2,2
11846,1,1
790,0,0
2726,0,0
11655,1,1
17873,2,2
24374,3,3
23352,3,3
19872,3,3
11021,1,1
14155,1,1
14192,1,1
24927,4,0
23487,3,3
20974,3,1
11070,1,1
30862,6,3
2464,0,0
11961,1,1
17366,2,2
7567,0,0
24015,3,3
29631,5,5
14160,1,1
25339,4,2
16815,2,2
250,0,0
20499,3,3
19879,3,0
17631,2,1
20725,3,3
4189,0,0
27903,5,5
900,0,0
27668,5,0
28359,5,5
2229,0,0
2532,0,0
25328,4,4
31893,6,6
14503,2,2
31116,6,3
330,0,0
27877,5,2
27554,5,1
30721,6,6
31418,6,1
27881,5,5
26181,4,0
11732,1,1
20557,3,3
15760,2,3
31897,6,3
25748,4,1
24536,3,3
2476,0,0
29549,5,5
16166,2,2
7827,0,0
1650,0,0
19036,2,2
12568,1,1
21809,3,3
24733,4,2
5221,0,0
16181,2,1
28885,5,5
3725,0,0
32000,6,3
17672,2,2
430,0,0
8815,1,1
3847,0,0
25529,4,4
26808,5,2
9084,1,1
30454,6,0
13776,1,1
14898,2,2
26584,5,0
11256,1,1
3922,0,0
20399,3,2
505,0,0
13984,1,1
27194,5,5
30723,6,3
10261,1,1
11015,1,1
1610,0,0
32170,6,6
25667,4,3
21790,3,3
11405,1,1
18597,2,3
30430,6,0
31461,6,6
1243,0,0
27234,5,5
15071,2,2
4308,0,0
23015,3,3
2616,0,0
21409,3,3
13094,1,1
15306,2,2
23375,3,3
9585,1,1
7569,0,0
4475,0,0
20291,3,3
19834,3,4
6741,0,0
4200,0,0
29558,5,1
12917,1,1
29417,5,5
19605,3,3
30858,6,2
23086,3,3
4280,0,0
18342,2,2
4596,0,0
5172,0,0
28919,5,5
18598,2,2
29983,6,3
24601,4,2
2638,0,0
22563,3,3
30310,6,1
10359,1,1
17714,2,1
22107,3,3
7932,0,0
27644,5,5
2320,0,0
8426,1,1
28924,5,5
15426,2,2
18732,2,2
30026,6,3
23449,3,3
14065,1,1
16752,2,2
20615,3,0
22125,3,3
23577,3,3
18187,2,2
8919,1,1
13252,1,1
15394,2,1
12099,1,1
25330,4,4
8048,0,0
28311,5,0
22496,3,3
2932,0,0
14054,1,1
8617,1,1
31710,6,6
28846,5,3
11358,1,1
20322,3,3
24488,3,3
4884,0,0
4343,0,0
22397,3,3
32068,6,3
30086,6,3
8470,1,1
7261,0,0
13995,1,1
19954,3,3
5720,0,0
15548,2,2
11105,1,1
20293,3,3
22348,3,3
742,0,0
1118,0,0
26816,5,5
16461,2,2
25358,4,3
11335,1,1
8310,1,1
12893,1,2
6517,0,0
27273,5,5
14107,1,1
26756,5,5
22573,3,6
17084,2,2
11579,1,1
15800,2,2
28474,5,5
19355,3,3
27919,5,5
8889,1,3
16387,2,2
22019,3,3
10018,1,1
17811,2,2
28513,5,5
21327,3,3
10784,1,1
31959,6,3
28150,5,1
27382,5,0
31953,6,3
13768,1,1
7594,0,0
24799,4,4
214,0,0
28341,5,5
19876,3,6
1664,0,0
30258,6,3
32142,6,6
21161,3,3
26091,4,2
6867,0,0
26719,5,5
26363,4,2
13166,1,1
22820,3,3
15862,2,2
532,0,0
21908,3,6
30400,6,6
22697,3,3
8665,1,1
14462,2,2
29220,5,5
3122,0,0
12798,1,1
12747,1,1
26118,4,2
31712,6,6
21145,3,3
24561,3,3
28353,5,5
27682,5,5
28748,5,1
9918,1,1
22085,3,3
6149,0,0
15643,2,2
24409,3,1
10347,1,1
9577,1,1
32417,6,3
30875,6,3
25421,4,3
26566,5,5
980,0,0
24567,3,3
21407,3,3
10282,1,1
21382,3,0
19616,3,3
22333,3,3
11028,1,1
3508,0,0
14073,1,1
29176,5,5
6594,0,0
2958,0,0
16329,2,3
26187,4,1
28623,5,5
14458,2,0
25295,4,3
1426,0,0
10493,1,3
27368,5,3
3382,0,0
21815,3,3
7912,0,0
29393,5,5
18841,2,2
22595,3,3
19134,2,2
401,0,0
16050,2,1
18112,2,2
16723,2,6
4547,0,0
20386,3,3
9532,1,1
29986,6,2
5953,0,0
8824,1,1
11740,1,1
28440,5,0
1723,0,0
15176,2,2
27291,5,5
26402,4,2
7792,0,0
23397,3,3
16844,2,2
28754,5,5
10919,1,1
29304,5,5
19102,2,1
4756,0,0
2974,0,0
19780,3,3
4502,0,0
621,0,0
17767,2,2
4968,0,0
30948,6,0
24651,4,0
20252,3,3
4513,0,0
13060,1,1
31598,6,6
10290,1,1
18946,2,1
28208,5,5
2507,0,0
25223,4,1
7403,0,0
31239,6,0
20087,3,3
13217,1,1
6926,0,0
10648,1,1
251,0,0
30377,6,1
3049,0,0
10182,1,1
20631,3,3
18349,2,2
10479,1,1
29059,5,5
17381,2,2
3427,0,0
34,0,0
25535,4,1
27793,5,0
17001,2,2
2265,0,0
6308,0,0
32187,6,3
27977,5,5
30830,6,3
19297,3,3
2647,0,0
2004,0,0
19339,3,3
11677,1,5
12570,1,1
22188,3,3
12163,1,1
26376,4,4
3843,0,0
4871,0,0
27955,5,5
8865,1,1
16233,2,2
17863,2,1
32205,6,3
9857,1,1
11450,1,1
27163,5,0
9807,1,1
28180,5,5
29159,5,1
17992,2,3
19140,2,2
15244,2,2
7353,0,0
14105,1,1
4408,0,0
21705,3,0
20338,3,3
26729,5,5
747,0,0
9375,1,1
30544,6,2
5332,0,0
31939,6,3
15917,2,3
1921,0,0
10342,1,1
3053,0,0
16707,2,2
22134,3,3
15602,2,2
8337,1,1
5863,0,0
23557,3,3
9971,1,1
5226,0,0
28398,5,5
31614,6,3
3448,0,0
31904,6,6
14508,2,2
17362,2,2
9936,1,1
5853,0,0
2903,0,0
31784,6,2
13498,1,1
10843,1,1
29744,6,3
25337,4,3
26196,4,2
25590,4,3
31183,6,3
7978,0,0
11724,1,1
24482,3,1
9250,1,1
12143,1,1
1226,0,0
27502,5,5
23962,3,3
2383,0,0
22590,3,3
8890,1,1
10714,1,1
1635,0,0
32330,6,3
23278,3,3
9939,1,1
25084,4,3
13814,1,3
13642,1,1
13447,1,1
14221,1,1
6179,0,0
1715,0,0
10013,1,1
15325,2,2
16695,2,2
22835,3,3
29565,5,0
25269,4,2
21488,3,3
29806,6,3
20329,3,3
10311,1,1
23060,3,3
25763,4,1
795,0,0
10324,1,1
29448,5,5
22369,3,3
12050,1,1
27508,5,5
7330,0,0
19653,3,3
26462,5,0
27277,5,5
31236,6,3
25950,4,1
1078,0,0
5035,0,0
7708,0,0
20572,3,3
1758,0,0
18718,2,2
7090,0,0
6463,0,0
20419,3,0
971,0,0
30199,6,6
3835,0,0
14556,2,2
1536,0,0
13754,1,1
32472,6,0
25690,4,2
4877,0,0
26560,5,5
6933,0,0
4296,0,0
26076,4,1
29321,5,5
516,0,0
31271,6,3
8622,1,1
6522,0,0
19244,3,0
4584,0,0
5070,0,0
6758,0,0
18507,2,0
4762,0,0
9621,1,1
15964,2,2
28448,5,0
2980,0,0
15609,2,3
1968,0,0
28154,5,5
13676,1,1
4520,0,0
27772,5,0
31352,6,3
6906,0,0
19080,2,2
32005,6,0
2683,0,0
23597,3,3
28136,5,0
19482,3,2
16306,2,2
26240,4,2
23585,3,3
24543,3,3
18159,2,2
8358,1,1
4672,0,0
14315,1,1
29979,6,3
31659,6,3
25648,4,0
20755,3,3
19794,3,6
16188,2,2
7484,0,0
2276,0,0
18968,2,3
30147,6,6
26083,4,4
16900,2,0
20743,3,2
2798,0,0
7565,0,0
28191,5,5
13822,1,1
26297,4,0
19670,3,3
18560,2,1
7779,0,0
25089,4,3
9517,1,1
1433,0,0
14431,1,1
17913,2,2
16470,2,1
26617,5,1
30591,6,6
26968,5,5
3820,0,0
2141,0,0
17896,2,2
32178,6,3
15081,2,2
26110,4,4
2540,0,0
2174,0,0
22493,3,0
29666,5,5
6024,0,0
8827,1,1
27268,5,5
21402,3,3
30127,6,6
12660,1,1
18948,2,2
24111,3,3
29797,6,2
29788,6,2
29078,5,0
12564,1,1
28707,5,0
1889,0,0
18036,2,1
3469,0,0
12584,1,1
3013,0,0
26210,4,4
2876,0,0
22592,3,3
538,0,0
3125,0,0
20978,3,3
4528,0,0
22827,3,3
14727,2,2
28858,5,5
7969,0,0
31507,6,3
9169,1,1
13586,1,1
10861,1,1
5886,0,0
12240,1,1
8544,1,1
15726,2,2
27594,5,5
23315,3,5
9214,1,1
27941,5,0
31001,6,6
9163,1,1
32287,6,3
7251,0,0
28000,5,5
1598,0,0
24279,3,3
12758,1,1
29482,5,0
14395,1,1
1710,0,0
9952,1,1
17837,2,1
15409,2,0
30790,6,6
14793,2,3
22860,3,3
32076,6,1
9040,1,1
11176,1,1
18347,2,3
26798,5,5
12932,1,0
10322,1,1
23855,3,3
20573,3,3
29022,5,0
8196,1,1
22864,3,3
27407,5,5
13205,1,1
16486,2,2
23738,3,3
2266,0,0
6527,0,0
26637,5,2
32228,6,1
21940,3,3
4949,0,0
15209,2,2
3387,0,0
18683,2,2
14754,2,1
3690,0,0
11822,1,1
18585,2,2
2157,0,0
579,0,0
2867,0,0
18488,2,2
11000,1,1
13524,1,1
9251,1,1
25685,4,3
28757,5,0
10963,1,1
23555,3,3
28029,5,5
7893,0,0
2390,0,0
22772,3,3
30029,6,3
18496,2,3
4148,0,0
16507,2,3
11568,1,1
20191,3,3
13903,1,1
24788,4,2
22929,3,6
25971,4,4
23006,3,3
13958,1,1
705,0,0
10882,1,1
25369,4,4
30684,6,0
13471,1,1
26963,5,5
22051,3,3
31177,6,2
25651,4,3
27359,5,5
10911,1,1
28656,5,5
3931,0,0
17935,2,2
2879,0,0
14658,2,1
15570,2,0
29857,6,1
12785,1,1
29580,5,5
26313,4,4
29001,5,0
1113,0,0
23254,3,3
28414,5,5
22505,3,3
26929,5,0
10166,1,1
23175,3,3
19331,3,2
24987,4,0
1719,0,0
6148,0,0
3416,0,0
32591,6,6
6663,0,0
3298,0,0
17462,2,1
7947,0,0
25633,4,3
2764,0,0
22650,3,3
7555,0,0
19236,3,3
25284,4,2
8324,1,0
8510,1,1
27926,5,5
8492,1,3
27462,5,5
880,0,0
7063,0,0
19594,3,3
15017,2,1
18067,2,1
25363,4,2
1246,0,0
12967,1,1
5697,0,0
5138,0,0
6484,0,0
29187,5,5
13300,1,1
11550,1,1
30164,6,3
28421,5,5
29087,5,3
16827,2,2
14171,1,3
18085,2,2
15393,2,2
16897,2,2
28824,5,5
9826,1,1
6935,0,2
20822,3,1
23149,3,3
28036,5,0
21741,3,3
5780,0,0
29977,6,6
24318,3,3
11257,1,1
17354,2,3
5038,0,0
24694,4,4
644,0,0
32144,6,3
27828,5,5
21265,3,3
24305,3,3
10992,1,1
18176,2,1
20779,3,3
8832,1,1
27784,5,5
15144,2,2
7302,0,0
23363,3,3
4105,0,0
4689,0,0
20516,3,3
3547,0,0
10710,1,1
738,0,0
9132,1,1
23242,3,3
19884,3,3
28510,5,0
173,0,0
31636,6,6
13236,1,1
6424,0,0
26810,5,1
6951,0,0
9253,1,1
25656,4,2
11942,1,1
27686,5,5
29274,5,5
10289,1,1
9276,1,1
12111,1,1
29477,5,5
21009,3,0
21766,3,3
20401,3,3
12441,1,1
3905,0,0
11578,1,1
16510,2,2
16111,2,2
26303,4,0
27374,5,5
22426,3,3
29923,6,2
13037,1,1
3705,0,0
15987,2,2
17989,2,2
2111,0,0
12724,1,1
6977,0,0
32055,6,6
14858,2,2
17976,2,3
27923,5,5
1503,0,0
12776,1,1
12148,1,1
30938,6,0
12739,1,1
14570,2,3
19815,3,3
15382,2,2
19329,3,3
12027,1,1
24589,3,3
29268,5,5
8602,1,1
4985,0,0
5925,0,0
31297,6,6
20474,3,3
26629,5,5
23404,3,3
26044,4,3
30851,6,3
27378,5,5
21056,3,3
7094,0,0
29221,5,5
21929,3,3
4061,0,0
10690,1,1
29245,5,5
1992,0,0
19934,3,3
25010,4,0
17181,2,1
22304,3,0
29752,6,3
3780,0,0
27636,5,5
26835,5,0
21200,3,3
550,0,0
28331,5,0
18766,2,2
22597,3,3
11976,1,1
28264,5,2
28051,5,5
12781,1,1
7949,0,0
17946,2,2
9598,1,1
14999,2,1
844,0,0
15395,2,2
31899,6,3
19143,2,0
5466,0,0
13952,1,1
30776,6,6
24457,3,0
20381,3,3
11504,1,1
29882,6,3
21748,3,2
22545,3,3
6119,0,0
31560,6,0
1483,0,0
19957,3,3
4080,0,0
26701,5,1
323,0,0
19537,3,0
7112,0,0
28481,5,5
17388,2,2
8223,1,1
29412,5,0
6534,0,0
31221,6,2
30861,6,3
18359,2,2
25017,4,0
28951,5,2
10424,1,1
6556,0,0
7306,0,0
30158,6,2
22970,3,3
8157,0,0
14543,2,0
341,0,0
19407,3,3
13761,1,1
27222,5,5
17382,2,2
16525,2,1
16413,2,2
15687,2,2
15645,2,2
18056,2,0
5934,0,0
31478,6,3
833,0,0
5422,0,0
4903,0,0
13720,1,1
18396,2,2
27959,5,5
12594,1,1
26722,5,3
18072,2,2
8013,0,0
8211,1,1
1508,0,0
19550,3,3
18521,2,2
11544,1,1
10544,1,1
19841,3,3
31275,6,3
4421,0,0
16274,2,3
18294,2,2
5345,0,0
10990,1,1
4450,0,0
29364,5,5
14092,1,1
25523,4,2
28780,5,0
6438,0,0
13887,1,1
1457,0,0
17795,2,2
6052,0,0
30748,6,3
19304,3,3
22293,3,3
6699,0,0
2973,0,0
13381,1,1
17598,2,2
29859,6,1
2142,0,0
4120,0,0
28852,5,5
19085,2,3
8663,1,1
17039,2,2
12730,1,1
18419,2,2
16780,2,2
9183,1,1
11621,1,1
5513,0,0
12733,1,1
12706,1,1
26024,4,4
2868,0,0
9571,1,1
16359,2,2
30610,6,3
25831,4,4
3014,0,0
2280,0,0
29137,5,0
10128,1,1
13911,1,1
16546,2,2
7729,0,0
3643,0,0
13670,1,1
2561,0,0
6,0,0
2884,0,0
5841,0,0
618,0,0
7558,0,0
16242,2,2
12832,1,1
30482,6,3
26691,5,5
26993,5,5
24563,3,3
30689,6,3
12169,1,1
26483,5,2
13373,1,1
17286,2,2
27485,5,5
1994,0,0
14661,2,2
8466,1,1
14942,2,2
29514,5,0
6478,0,0
21611,3,3
23528,3,3
14041,1,1
25070,4,0
11658,1,1
9362,1,2
23217,3,3
18559,2,3
7545,0,0
21505,3,3
4335,0,0
6538,0,0
23202,3,3
12463,1,1
28213,5,0
23869,3,3
19728,3,3
20134,3,3
22385,3,0
18611,2,1
32414,6,5
46,0,2
6914,0,0
11843,1,1
8238,1,1
5346,0,0
16083,2,2
2346,0,0
1138,0,0
14544,2,2
21441,3,3
29832,6,6
27679,5,5
14947,2,0
3105,0,0
15757,2,2
6876,0,0
12506,1,1
5382,0,0
16869,2,0
8237,1,1
15807,2,2
23497,3,3
15178,2,2
19707,3,3
14218,1,1
7937,0,0
6237,0,0
32316,6,2
12939,1,1
21921,3,3
20524,3,3
16219,2,2
28112,5,0
13169,1,1
5216,0,0
17172,2,2
24590,3,3
22979,3,2
18720,2,2
15488,2,2
20920,3,3
4339,0,0
8900,1,1
30104,6,3
8105,0,0
25283,4,0
31783,6,3
23479,3,3
20097,3,3
18483,2,2
28603,5,0
7793,0,0
19959,3,3
27175,5,5
32504,6,2
10783,1,1
22332,3,3
878,0,0
14194,1,1
4982,0,0
17995,2,2
23021,3,3
4991,0,0
19916,3,3
20015,3,3
31122,6,6
19560,3,3
18866,2,2
6319,0,0
3268,0,0
23521,3,3
7755,0,0
17137,2,3
14272,1,1
10356,1,1
30645,6,6
20302,3,3
31186,6,3
8087,0,0
2393,0,0
27725,5,5
32402,6,6
24102,3,3
28686,5,0
15621,2,2
16721,2,2
20816,3,3
32599,6,6
24539,3,3
6239,0,0
5749,0,0
485,0,0
16643,2,2
17445,2,2
22265,3,3
9619,1,1
1972,0,0
200,0,0
5627,0,0
5128,0,0
23140,3,3
16703,2,3
30277,6,3
29200,5,0
18014,2,0
16088,2,1
6508,0,0
19777,3,3
19860,3,6
24408,3,3
8153,0,0
21938,3,3
15230,2,3
14044,1,3
25800,4,2
15744,2,2
3031,0,0
23717,3,0
27304,5,0
24751,4,0
10726,1,1
12301,1,1
27625,5,5
979,0,0
30201,6,3
21072,3,3
5598,0,0
18764,2,2
20091,3,3
18637,2,2
1804,0,0
7602,0,0
32247,6,6
12081,1,1
10406,1,1
15648,2,1
30839,6,3
9502,1,1
28727,5,5
29345,5,0
30286,6,3
6014,0,0
7841,0,0
397,0,0
13922,1,1
13681,1,1
11007,1,1
28394,5,3
1575,0,0
30873,6,1
8676,1,3
7301,0,0
21733,3,0
5915,0,0
31303,6,3
27146,5,5
21291,3,3
20138,3,3
9202,1,1
18079,2,2
29698,5,5
6580,0,0
25083,4,4
18303,2,1
27217,5,0
7499,0,0
5191,0,0
24545,3,3
16987,2,2
92,0,0
12848,1,1
12778,1,1
23907,3,6
28679,5,1
5144,0,0
16503,2,2
5685,0,0
927,0,0
10527,1,1
12307,1,1
8710,1,1
29004,5,5
9575,1,1
5561,0,0
28547,5,5
2325,0,0
27894,5,0
29488,5,6
19380,3,3
15783,2,3
9149,1,1
21202,3,3
26850,5,0
1190,0,0
25595,4,0
23250,3,3
5503,0,0
20237,3,3
563,0,0
30196,6,3
25754,4,2
18508,2,2
22298,3,3
15655,2,2
18744,2,1
26366,4,1
4569,0,0
24341,3,3
18703,2,0
30477,6,0
351,0,0
30713,6,6
16319,2,2
5477,0,0
5732,0,0
447,0,0
3964,0,0
17944,2,3
20926,3,3
19534,3,3
6156,0,0
23635,3,3
6440,0,0
22446,3,3
24333,3,3
2602,0,0
25910,4,2
30178,6,6
22981,3,5
4577,0,0
7388,0,0
12876,1,1
9620,1,1
6332,0,0
32011,6,6
12883,1,1
11096,1,1
26795,5,5
30031,6,5
27305,5,0
18993,2,3
22277,3,3
12843,1,1
20989,3,3
4639,0,0
18183,2,2
15399,2,2
4058,0,0
3208,0,0
1087,0,0
6631,0,0
24612,4,4
27073,5,5
17008,2,0
31247,6,3
6224,0,0
19602,3,3
14952,2,1
30401,6,0
22705,3,3
4405,0,0
21060,3,3
14729,2,3
6268,0,0
25333,4,1
32456,6,6
1053,0,0
17930,2,2
3397,0,0
13531,1,1
15590,2,2
21558,3,2
18887,2,2
30600,6,3
31689,6,0
11073,1,1
31729,6,3
10480,1,1
12022,1,1
26040,4,4
18659,2,2
24632,4,3
5665,0,0
15075,2,2
12860,1,1
18358,2,0
99,0,0
23476,3,3
1402,0,0
1676,0,0
9093,1,1
16368,2,2
11685,1,1
2789,0,0
2617,0,0
6912,0,0
3910,0,0
10228,1,1
23489,3,0
31902,6,3
16472,2,2
12754,1,1
3916,0,0
17581,2,2
21704,3,3
626,0,0
25067,4,3
29793,6,1
14733,2,2
19912,3,3
7364,0,0
19284,3,3
32378,6,3
18436,2,2
26158,4,4
2041,0,0
20404,3,3
14627,2,3
23273,3,3
3106,0,0
21641,3,3
26703,5,5
9161,1,1
14928,2,2
9407,1,1
14813,2,2
24228,3,3
4579,0,0
3050,0,0
27950,5,5
10217,1,1
24304,3,1
8687,1,1
24332,3,0
506,0,0
26603,5,5
32041,6,4
13573,1,1
14960,2,2
12110,1,1
21734,3,3
15344,2,2
9189,1,1
12325,1,1
12898,1,0
26921,5,5
6788,0,0
13154,1,1
17585,2,2
4667,0,0
10735,1,1
28868,5,0
20790,3,3
27438,5,1
11398,1,5
19776,3,3
21747,3,3
30457,6,6
16143,2,2
15191,2,5
28004,5,5
10853,1,1
3470,0,0
19443,3,3
15425,2,2
6879,0,0
19664,3,3
32529,6,3
9626,1,1
10012,1,1
29842,6,3
17250,2,2
12623,1,1
26140,4,4
12522,1,1
20457,3,3
28003,5,5
13638,1,1
14786,2,2
4285,0,0
16037,2,2
3396,0,0
4034,0,0
9300,1,1
26098,4,2
8779,1,1
12227,1,1
2952,0,0
5148,0,0
8958,1,1
5187,0,0
8618,1,1
13387,1,1
25986,4,4
11444,1,1
28811,5,0
20558,3,3
6551,0,0
2084,0,0
5523,0,0
9353,1,1
22974,3,3
29394,5,5
7731,0,0
6865,0,0
19973,3,3
20410,3,3
5679,0,0
24641,4,3
9889,1,0
28915,5,5
11388,1,1
5657,0,0
18005,2,2
23066,3,3
27410,5,5
21524,3,0
32509,6,6
30760,6,0
31749,6,6
24643,4,3
30114,6,3
9289,1,3
22096,3,3
13361,1,1
22286,3,5
9946,1,1
344,0,0
22114,3,3
30690,6,3
963,0,0
17828,2,2
31674,6,0
2323,0,0
20442,3,3
22511,3,3
2009,0,0
10506,1,1
6690,0,0
31831,6,3
27662,5,5
27608,5,5
30602,6,6
20709,3,3
11963,1,1
25969,4,4
15288,2,2
21685,3,3
10045,1,1
3383,0,0
29361,5,5
1045,0,0
464,0,0
31819,6,1
1131,0,0
20638,3,3
11147,1,1
18169,2,2
10203,1,3
24923,4,2
19629,3,3
14946,2,2
19597,3,1
14007,1,1
14739,2,6
1396,0,0
31628,6,2
10838,1,1
8370,1,1
11838,1,1
10812,1,1
1215,0,0
28496,5,5
26773,5,5
31464,6,3
11114,1,1
19578,3,5
10980,1,1
28220,5,3
23660,3,3
32002,6,6
5678,0,0
14381,1,1
14748,2,0
9381,1,1
12200,1,1
2898,0,0
10830,1,1
664,0,0
11868,1,1
24373,3,3
17218,2,3
23228,3,3
15113,2,2
2533,0,0
6885,0,0
12157,1,3
25774,4,0
4751,0,0
23309,3,3
19358,3,3
24957,4,3
10496,1,1
27484,5,0
14579,2,1
27230,5,5
25045,4,4
28557,5,0
14156,1,1
2943,0,0
16062,2,2
25368,4,2
2404,0,0
28034,5,5
13643,1,1
25536,4,3
1448,0,0
29924,6,3
3899,0,0
29916,6,3
16597,2,3
16505,2,2
8288,1,1
12104,1,1
16882,2,2
32455,6,1
21945,3,3
31913,6,0
13043,1,1
1450,0,0
7289,0,0
2718,0,0
29016,5,0
17120,2,0
23886,3,1
2918,0,0
6994,0,0
10229,1,1
5683,0,0
18456,2,2
21831,3,3
16922,2,2
26133,4,1
17403,2,2
26781,5,5
18404,2,2
5865,0,0
7725,0,0
19685,3,3
9731,1,1
21338,3,3
16045,2,2
20917,3,3
8030,0,0
20513,3,3
7671,0,0
2525,0,0
2405,0,0
7753,0,0
27091,5,5
16823,2,2
22011,3,3
30629,6,3
17066,2,2
852,0,0
26818,5,0
11051,1,1
27140,5,5
10427,1,1
2236,0,0
29610,5,1
9976,1,1
30261,6,3
13534,1,1
5115,0,0
24017,3,3
7339,0,0
3833,0,0
27825,5,5
21543,3,3
16758,2,2
2281,0,0
3318,0,0
16128,2,2
25258,4,3
11379,1,1
25949,4,3
5980,0,0
4783,0,0
10122,1,1
9098,1,1
13115,1,1
24091,3,3
27878,5,0
20368,3,3
30466,6,6
30850,6,0
5306,0,0
1012,0,0
27070,5,1
27390,5,5
19062,2,1
312,0,0
22982,3,3
7417,0,0
25724,4,0
18865,2,2
31430,6,0
14976,2,2
28209,5,5
21756,3,3
9633,1,1
3100,0,0
10711,1,1
17603,2,1
474,0,0
3949,0,0
5883,0,0
28503,5,5
21049,3,3
13053,1,1
9561,1,1
20769,3,3
7976,0,0
29656,5,5
31279,6,3
20795,3,3
25608,4,4
775,0,0
1047,0,0
25902,4,2
21321,3,3
4679,0,0
2318,0,0
29885,6,2
8696,1,1
26377,4,4
17405,2,2
26610,5,2
12137,1,1
31635,6,3
3874,0,0
31107,6,3
17938,2,2
12792,1,1
5210,0,0
27062,5,5
13781,1,1
27287,5,5
10827,1,1
30609,6,6
28586,5,5
3027,0,0
4867,0,0
23902,3,3
31085,6,6
14186,1,1
10476,1,1
5133,0,0
674,0,0
5425,0,0
22153,3,3
27790,5,5
6267,0,0
14578,2,0
29418,5,5
31916,6,0
2222,0,0
13196,1,1
3077,0,0
2907,0,0
24475,3,3
27164,5,0
2819,0,0
7579,0,0
2571,0,0
13235,1,1
27444,5,0
6293,0,0
16573,2,2
13130,1,1
6498,0,0
23102,3,3
7070,0,0
3425,0,0
27995,5,0
24997,4,0
23296,3,3
1302,0,0
21617,3,3
31064,6,2
16240,2,2
11603,1,1
2541,0,0
31465,6,6
6689,0,0
6535,0,0
19283,3,3
22795,3,3
27071,5,5
15143,2,2
15718,2,2
10581,1,1
5026,0,0
5383,0,0
16264,2,2
24912,4,3
3474,0,0
501,0,0
26837,5,5
22279,3,3
19795,3,3
1738,0,0
21048,3,3
23376,3,3
4168,0,0
30229,6,3
28425,5,0
9999,1,1
7667,0,0
15503,2,2
13514,1,1
3707,0,0
16214,2,1
15956,2,2
32069,6,6
3473,0,0
21369,3,3
31096,6,6
24581,3,3
20660,3,3
27684,5,5
9685,1,1
18795,2,1
20050,3,3
23844,3,3
16341,2,1
2457,0,0
1276,0,0
21832,3,3
8332,1,1
31342,6,3
22948,3,0
19986,3,3
26008,4,2
11898,1,1
22456,3,3
27677,5,0
1482,0,0
23668,3,3
872,0,0
9539,1,1
5006,0,0
3349,0,0
5472,0,0
10628,1,3
17925,2,2
28487,5,5
1453,0,0
3735,0,0
17656,2,2
28606,5,5
26759,5,2
11146,1,1
6187,0,0
24827,4,4
9948,1,1
10809,1,1
6289,0,0
8451,1,1
13510,1,1
25430,4,1
8856,1,1
31721,6,2
1640,0,0
7113,0,0
10353,1,1
31168,6,6
14144,1,1
24043,3,3
24491,3,3
28633,5,0
30198,6,3
28137,5,3
23391,3,3
6003,0,0
19287,3,3
5653,0,0
11866,1,1
29664,5,5
29408,5,5
13619,1,1
13707,1,1
14673,2,1
12376,1,1
24238,3,3
3938,0,0
26858,5,5
14159,1,1
831,0,0
8079,0,0
866,0,0
25911,4,4
33,0,0
24295,3,0
6948,0,0
11813,1,1
19831,3,3
22790,3,3
6362,0,0
32564,6,6
16649,2,1
4170,0,0
3394,0,0
22353,3,2
3455,0,0
274,0,0
8194,1,1
26491,5,5
11118,1,1
10387,1,1
25490,4,4
2767,0,0
28224,5,5
7487,0,0
12124,1,1
16266,2,3
13655,1,1
22013,3,3
5201,0,0
16778,2,1
20962,3,3
19435,3,3
6422,0,0
19779,3,3
21757,3,3
4344,0,0
22231,3,3
4794,0,0
19489,3,3
3045,0,0
16229,2,2
19722,3,3
26505,5,5
9920,1,1
20737,3,3
11958,1,1
22562,3,3
4974,0,0
27443,5,5
26904,5,0
7759,0,0
29900,6,0
24117,3,5
16337,2,0
30348,6,3
27339,5,0
3063,0,0
12922,1,2
29167,5,0
22489,3,3
5623,0,0
4636,0,0
30529,6,3
31852,6,0
8010,0,0
15516,2,2
5220,0,0
22768,3,3
18109,2,2
4969,0,0
28724,5,5
31914,6,6
15555,2,2
12257,1,1
2635,0,0
1411,0,0
13274,1,1
4534,0,0
29315,5,5
19387,3,2
3023,0,0
27925,5,5
3946,0,0
8295,1,1
14958,2,0
24655,4,4
24186,3,1
27742,5,5
13400,1,1
14326,1,1
11567,1,1
3698,0,0
8028,0,0
14284,1,0
939,0,0
14608,2,2
6151,0,0
10127,1,1
19650,3,3
2585,0,0
19574,3,3
19993,3,3
6632,0,0
21066,3,3
2949,0,0
30660,6,6
3230,0,0
16601,2,2
6863,0,0
28187,5,5
27982,5,5
5654,0,0
28617,5,0
21688,3,3
6797,0,0
11913,1,1
29389,5,5
3256,0,0
31983,6,0
30349,6,6
14802,2,2
20967,3,0
19260,3,3
21140,3,6
776,0,0
480,0,0
6896,0,0
7221,0,0
14187,1,1
911,0,0
7627,0,0
30122,6,3
27813,5,5
2982,0,0
18917,2,1
1388,0,0
9507,1,1
20503,3,3
4556,0,0
5199,0,0
1698,0,0
9242,1,1
6211,0,0
4641,0,0
3441,0,0
29901,6,1
5762,0,0
5236,0,0
12054,1,1
31476,6,6
6367,0,0
27510,5,5
5107,0,0
811,0,0
32288,6,3
18226,2,2
5554,0,0
18336,2,2
3056,0,0
15999,2,3
23125,3,3
19326,3,3
26877,5,5
28382,5,5
26807,5,5
19155,2,2
1103,0,0
15603,2,6
2947,0,0
7964,0,0
4093,0,0
17470,2,2
25937,4,3
19458,3,1
15607,2,1
17659,2,2
16511,2,2
22782,3,3
19110,2,2
26269,4,3
16073,2,2
1475,0,0
6847,0,0
14945,2,2
29686,5,5
9081,1,1
8862,1,1
15825,2,1
15915,2,0
8121,0,0
17441,2,1
30516,6,3
13165,1,1
24638,4,4
3858,0,0
11610,1,1
1434,0,0
8383,1,1
21629,3,5
14951,2,2
30992,6,3
26207,4,1
22510,3,3
17561,2,2
21565,3,2
31540,6,3
1590,0,0
30305,6,6
2633,0,0
8242,1,1
22132,3,3
18648,2,2
10198,1,1
9558,1,1
7525,0,0
1834,0,0
5676,0,0
7582,0,0
25546,4,3
18616,2,2
30052,6,6
16620,2,1
12035,1,1
2492,0,0
21336,3,3
15530,2,2
2342,0,0
18552,2,0
26980,5,1
16818,2,2
4216,0,0
17418,2,2
23215,3,3
8518,1,1
9072,1,1
24008,3,3
27571,5,5
19470,3,3
4229,0,0
4199,0,0
14659,2,2
28970,5,5
13999,1,1
8416,1,1
11215,1,1
25842,4,2
7640,0,0
28658,5,5
31257,6,6
3509,0,0
22862,3,3
11233,1,1
4047,0,0
22549,3,3
3202,0,0
28183,5,0
22479,3,3
5667,0,0
21761,3,3
28792,5,5
7100,0,0
31314,6,6
3410,0,0
2467,0,0
28354,5,0
22822,3,3
17928,2,2
13963,1,1
10840,1,1
23942,3,3
22275,3,3
25927,4,4
17016,2,2
2012,0,0
23892,3,3
4706,0,0
17135,2,1
13762,1,1
24430,3,3
31235,6,3
30070,6,6
15319,2,1
29719,5,5
3761,0,0
20295,3,3
21339,3,3
27238,5,5
20996,3,3
12051,1,1
6720,0,0
16290,2,2
6316,0,0
13685,1,1
13469,1,1
9564,1,1
10788,1,1
19946,3,3
20448,3,3
12701,1,1
23700,3,3
3694,0,0
20675,3,3
3588,0,0
13855,1,1
30344,6,6
10444,1,1
1661,0,0
30897,6,0
18999,2,2
2950,0,0
2714,0,0
3638,0,0
18307,2,2
25901,4,3
15846,2,0
22427,3,3
23075,3,3
24542,3,3
27318,5,5
11259,1,1
30638,6,6
2992,0,0
1937,0,0
5286,0,0
9165,1,1
29212,5,5
21981,3,3
28392,5,0
27348,5,5
7174,0,0
10010,1,1
10727,1,1
23445,3,3
1346,0,0
1282,0,0
3510,0,0
28477,5,6
2310,0,0
3518,0,0
3706,0,0
25647,4,3
5394,0,0
15272,2,2
7647,0,0
16681,2,3
22390,3,3
32119,6,3
2442,0,0
5478,0,0
26681,5,2
1395,0,0
29835,6,2
24511,3,3
23611,3,3
23251,3,3
6328,0,0
15236,2,2
451,0,0
26548,5,5
27263,5,5
52,0,0
32048,6,6
10697,1,1
10193,1,1
14812,2,0
25134,4,4
12567,1,1
18145,2,1
27092,5,5
3928,0,0
8304,1,1
3463,0,0
22904,3,3
24239,3,3
20016,3,3
31307,6,3
22111,3,3
9022,1,1
23744,3,3
2929,0,0
19620,3,2
18992,2,0
17702,2,2
24905,4,1
5157,0,0
10507,1,1
15227,2,2
29618,5,0
31949,6,3
31646,6,2
21690,3,3
29224,5,5
10823,1,1
21713,3,2
17610,2,2
5219,0,0
18856,2,3
28647,5,0
2904,0,0
29591,5,0
23022,3,3
4638,0,0
18405,2,3
31533,6,6
26650,5,0
23880,3,3
27513,5,0
9987,1,1
12558,1,1
21193,3,3
27688,5,0
30380,6,1
28627,5,5
21474,3,3
22105,3,3
14433,1,1
12862,1,1
9423,1,1
12378,1,1
6726,0,0
22524,3,3
9655,1,1
26465,5,0
19652,3,3
23645,3,3
10499,1,1
21589,3,3
12983,1,1
9632,1,1
14814,2,3
13874,1,1
6902,0,0
25980,4,1
8447,1,1
28412,5,0
24218,3,3
31740,6,1
17191,2,2
21694,3,3
19061,2,2
13048,1,1
8037,0,0
1182,0,0
3222,0,0
21024,3,3
24155,3,3
4824,0,0
25895,4,4
3265,0,0
5317,0,0
15091,2,2
28230,5,5
10329,1,1
7029,0,0
17465,2,3
25449,4,4
22665,3,3
27796,5,0
19952,3,3
10549,1,1
19391,3,3
12957,1,1
17220,2,0
7800,0,0
100,0,0
14469,2,2
27572,5,0
2207,0,0
18192,2,2
9728,1,1
19911,3,3
31826,6,6
3254,0,0
5215,0,0
32498,6,2
31570,6,2
22046,3,3
9451,1,1
27678,5,5
18923,2,2
23691,3,3
14850,2,1
17428,2,2
17410,2,2
32077,6,3
13052,1,1
6576,0,0
14867,2,2
31405,6,2
8279,1,1
20599,3,3
30060,6,3
11758,1,1
30461,6,6
17884,2,2
22936,3,3
31774,6,3
23977,3,3
2676,0,0
2070,0,0
7503,0,0
4201,0,0
4413,0,0
11994,1,1
29436,5,0
17235,2,0
30552,6,3
24963,4,4
17527,2,2
9201,1,1
789,0,0
13710,1,1
14874,2,2
14723,2,3
31175,6,3
21001,3,1
6419,0,0
20388,3,3
2061,0,0
25374,4,0
7653,0,0
9309,1,1
6830,0,0
6946,0,0
1966,0,0
280,0,0
4900,0,0
16604,2,2
1690,0,0
7917,0,0
7536,0,0
5504,0,0
2043,0,0
9061,1,1
31766,6,6
28638,5,0
22373,3,3
5746,0,0
20164,3,3
6390,0,0
8650,1,1
27528,5,5
879,0,0
20036,3,3
27276,5,1
26457,5,5
30841,6,6
18041,2,2
21906,3,3
29376,5,5
25153,4,1
1569,0,0
9876,1,1
6138,0,0
8281,1,1
17960,2,1
30763,6,6
25988,4,2
28864,5,5
4742,0,0
24023,3,3
15341,2,2
26127,4,4
1266,0,0
27953,5,5
14371,1,3
9929,1,1
20094,3,3
12840,1,1
21092,3,0
7475,0,0
2227,0,0
8931,1,1
1962,0,0
16771,2,1
25936,4,2
13484,1,5
8516,1,1
26026,4,4
9209,1,1
30923,6,3
11622,1,1
121,0,0
18798,2,2
23937,3,3
7573,0,0
18220,2,2
25957,4,3
32097,6,3
17941,2,2
5763,0,0
19791,3,3
6814,0,0
28952,5,0
24245,3,3
10285,1,1
18907,2,2
2398,0,0
3842,0,0
19072,2,2
11097,1,1
8538,1,1
3585,0,0
5001,0,0
24960,4,2
25399,4,1
10263,1,1
334,0,0
13539,1,1
14324,1,1
28135,5,5
25635,4,2
20206,3,3
10941,1,1
13477,1,1
19318,3,1
17377,2,2
23925,3,1
22723,3,3
6462,0,0
27330,5,5
4206,0,0
20055,3,3
18370,2,2
26031,4,0
11807,1,1
15117,2,1
4404,0,0
16366,2,2
18995,2,2
18219,2,2
28779,5,5
23089,3,3
5979,0,0
14441,1,1
14929,2,2
27879,5,0
6650,0,0
9441,1,3
5662,0,0
657,0,0
29593,5,5
26203,4,2
5436,0,0
29902,6,6
5705,0,0
27976,5,5
993,0,0
943,0,0
12136,1,1
7336,0,0
18861,2,1
22374,3,6
21099,3,3
27658,5,0
17757,2,2
5304,0,0
25995,4,1
15170,2,2
16953,2,3
13961,1,1
26441,4,1
16809,2,2
19848,3,3
30319,6,0
24654,4,3
905,0,0
31182,6,3
17802,2,2
9801,1,1
21334,3,3
26833,5,5
8651,1,1
5485,0,0
21892,3,3
28250,5,5
27726,5,3
10152,1,1
24047,3,3
10772,1,1
3322,0,0
23847,3,2
18998,2,0
7514,0,0
25222,4,2
16434,2,2
30946,6,3
18348,2,2
6234,0,0
15869,2,2
8891,1,1
8993,1,1
8147,0,0
30667,6,6
15148,2,2
8362,1,1
18493,2,0
21943,3,3
4028,0,0
15241,2,2
26300,4,4
26763,5,5
7318,0,0
31573,6,3
4772,0,0
4461,0,0
5742,0,0
19529,3,3
30869,6,6
26197,4,2
18150,2,2
22148,3,2
28063,5,3
14938,2,2
21849,3,3
10610,1,1
30720,6,6
8480,1,1
18090,2,2
18862,2,2
11902,1,1
24149,3,3
18523,2,3
12845,1,1
3172,0,0
20898,3,2
30909,6,2
14875,2,2
30356,6,2
3769,0,0
28931,5,5
24447,3,3
10959,1,1
16539,2,1
15392,2,2
6887,0,0
24602,4,0
16176,2,0
6502,0,0
26913,5,0
9116,1,1
12105,1,1
19732,3,3
6377,0,0
8971,1,1
31813,6,3
12759,1,1
2664,0,0
10747,1,1
30331,6,6
20137,3,3
18362,2,2
27754,5,0
3826,0,0
2508,0,0
596,0,0
21586,3,3
15107,2,2
30208,6,6
18423,2,0
25844,4,0
9414,1,1
19542,3,3
9003,1,1
15803,2,2
6334,0,0
22810,3,3
288,0,0
7918,0,0
12094,1,2
30085,6,6
3492,0,0
26926,5,0
32508,6,3
26351,4,3
4217,0,0
25776,4,2
8094,0,0
3848,0,0
10562,1,1
28553,5,5
7228,0,0
31769,6,6
29581,5,5
14971,2,3
30066,6,3
19504,3,3
13059,1,3
7668,0,0
22300,3,3
25858,4,2
17284,2,3
5500,0,0
12283,1,1
28672,5,5
702,0,0
28992,5,0
10512,1,1
343,0,0
32447,6,3
4070,0,0
4149,0,0
912,0,0
29136,5,1
8407,1,1
28046,5,5
6354,0,0
14137,1,3
29483,5,5
1035,0,0
30794,6,3
14773,2,2
22041,3,3
8,0,0
15840,2,2
20831,3,3
31862,6,3
15283,2,2
23947,3,3
30777,6,3
8151,0,0
31672,6,0
23084,3,3
7175,0,0
8141,0,0
11456,1,1
31020,6,6
24018,3,3
29028,5,6
16710,2,2
1680,0,0
19525,3,3
31089,6,1
22978,3,1
5535,0,0
22529,3,3
15264,2,3
12248,1,1
651,0,0
22969,3,3
17192,2,2
12005,1,1
16834,2,1
715,0,0
15731,2,2
13103,1,1
25616,4,4
14816,2,2
11765,1,1
12276,1,1
21649,3,3
23800,3,3
19046,2,1
14045,1,1
23174,3,3
27061,5,5
10873,1,1
12375,1,1
29382,5,5
9006,1,1
25250,4,4
718,0,0
29665,5,5
4850,0,0
29626,5,5
27544,5,5
31919,6,6
24630,4,1
16547,2,2
6215,0,0
4282,0,0
19189,2,3
14117,1,1
14737,2,2
13872,1,1
21169,3,3
20653,3,1
3488,0,0
26056,4,3
16937,2,2
11067,1,1
27129,5,1
17816,2,2
15469,2,2
25491,4,3
6939,0,0
13088,1,1
16540,2,1
24410,3,3
19735,3,3
22572,3,3
13308,1,1
10443,1,1
14181,1,1
16782,2,2
26777,5,5
25220,4,3
15431,2,2
11306,1,1
19147,2,2
8528,1,1
26718,5,5
8240,1,1
13933,1,1
8374,1,1
12859,1,1
21896,3,1
27295,5,0
15984,2,1
21497,3,3
29951,6,3
22145,3,3
4424,0,0
199,0,0
6081,0,0
10509,1,3
20294,3,3
18656,2,0
12440,1,1
14789,2,2
15584,2,2
22244,3,3
12814,1,1
11611,1,1
19698,3,0
32558,6,3
9512,1,1
3799,0,0
18390,2,1
32413,6,6
12802,1,1
26802,5,3
13405,1,1
19599,3,2
346,0,0
1945,0,0
9904,1,1
15902,2,2
12505,1,1
11862,1,1
20826,3,5
25968,4,2
13096,1,1
25597,4,0
7451,0,0
1414,0,0
30634,6,3
26372,4,0
9753,1,1
22036,3,3
24136,3,3
14757,2,1
12971,1,1
4902,0,0
23390,3,3
31401,6,3
8340,1,1
144,0,0
12902,1,1
11012,1,1
1050,0,0
8274,1,1
28192,5,5
11082,1,1
1512,0,0
14173,1,1
28266,5,5
3064,0,0
30614,6,6
19004,2,2
24205,3,3
5879,0,0
1818,0,0
25702,4,3
13462,1,1
23875,3,3
25336,4,0
22122,3,3
9892,1,1
14712,2,0
13941,1,0
19990,3,3
27968,5,5
17843,2,2
7880,0,0
30161,6,6
29987,6,3
26554,5,5
24330,3,3
5407,0,0
28630,5,5
8227,1,1
22367,3,3
4115,0,0
28197,5,5
25572,4,3
21854,3,3
20940,3,3
10597,1,1
10739,1,1
11368,1,1
17803,2,2
6604,0,0
24658,4,1
6087,0,0
8278,1,1
8840,1,1
20233,3,3
10370,1,1
31480,6,3
27104,5,5
21541,3,3
31912,6,6
4915,0,0
18826,2,2
19232,3,3
12481,1,1
24980,4,0
17747,2,0
4665,0,0
29771,6,3
9315,1,1
28045,5,5
7850,0,0
24036,3,3
22756,3,3
20160,3,3
14944,2,2
4037,0,0
20299,3,3
28550,5,0
6204,0,0
8137,0,0
6483,0,0
26525,5,5
25825,4,4
28783,5,0
5034,0,0
20218,3,3
21356,3,3
1771,0,0
18025,2,2
25231,4,2
8317,1,1
29218,5,5
2136,0,0
10168,1,1
29595,5,5
13551,1,1
17034,2,2
7303,0,0
10405,1,1
9646,1,1
16139,2,2
22825,3,3
5910,0,0
25302,4,2
10305,1,1
23139,3,3
6453,0,0
19677,3,3
4203,0,0
6657,0,0
23905,3,3
9402,1,3
261,0,0
31209,6,0
30738,6,6
23035,3,3
10059,1,1
12994,1,2
31218,6,6
16515,2,1
28756,5,0
28379,5,0
26747,5,3
27297,5,5
14494,2,2
26188,4,0
656,0,0
17556,2,2
19343,3,3
31451,6,6
31313,6,3
28037,5,1
18516,2,1
6635,0,0
17555,2,3
21612,3,3
7516,0,0
18571,2,3
5929,0,0
3532,0,0
31747,6,0
1444,0,0
13589,1,1
2901,0,0
9248,1,1
30551,6,6
14625,2,1
28649,5,5
15335,2,2
15723,2,2
24836,4,3
11265,1,1
26542,5,0
3128,0,0
3634,0,0
31669,6,6
21961,3,3
12727,1,1
26991,5,5
2334,0,0
1489,0,0
12539,1,1
7974,0,0
17361,2,2
1851,0,0
5081,0,0
1366,0,0
27329,5,1
11508,1,1
5121,0,0
7405,0,0
15949,2,2
19327,3,3
27659,5,3
12618,1,1
7768,0,0
23765,3,3
11990,1,1
20617,3,3
4256,0,0
5195,0,0
8610,1,1
15104,2,1
367,0,0
16257,2,2
14183,1,1
7104,0,0
21916,3,3
26580,5,5
8023,0,0
127,0,0
22110,3,1
30134,6,1
27133,5,0
18661,2,2
11393,1,2
5282,0,0
30824,6,6
456,0,0
19027,2,2
8474,1,1
22747,3,3
12976,1,1
1805,0,0
30,0,0
20512,3,3
28100,5,5
4468,0,0
5647,0,0
16144,2,2
3162,0,0
3498,0,0
13062,1,1
23841,3,3
24092,3,0
10993,1,1
31911,6,3
26451,5,5
5545,0,0
21240,3,3
10090,1,1
32038,6,3
22378,3,3
20509,3,3
18254,2,0
31452,6,6
10083,1,1
18685,2,2
28581,5,0
15494,2,2
13594,1,1
25197,4,2
13811,1,1
13764,1,3
8886,1,1
31075,6,3
13954,1,1
536,0,0
6872,0,0
15617,2,2
3778,0,0
30846,6,3
26529,5,0
16333,2,2
15842,2,2
22273,3,3
19704,3,3
31180,6,2
25123,4,1
29205,5,0
32273,6,3
22565,3,3
985,0,0
22816,3,3
24613,4,6
27561,5,5
16026,2,1
26861,5,5
21399,3,3
2566,0,0
24419,3,5
7223,0,0
7780,0,0
6480,0,0
5198,0,0
21178,3,3
9773,1,1
25239,4,1
30491,6,3
6909,0,0
2851,0,0
17954,2,2
11947,1,1
12016,1,1
11782,1,1
219,0,0
21308,3,3
15755,2,2
24528,3,3
17636,2,1
18499,2,2
3483,0,0
9099,1,1
16551,2,2
6531,0,0
14791,2,2
2641,0,0
22789,3,3
16338,2,3
16833,2,1
31486,6,3
14204,1,1
30107,6,6
4125,0,0
29489,5,5
13935,1,1
17511,2,1
6886,0,0
27915,5,5
2463,0,0
12233,1,1
11478,1,1
15963,2,2
25679,4,4
16680,2,0
22435,3,3
27864,5,5
2471,0,0
30940,6,6
25419,4,0
9403,1,1
15714,2,3
21578,3,3
15334,2,3
12152,1,3
32061,6,0
8835,1,1
29879,6,6
19740,3,3
7155,0,0
1741,0,0
18398,2,1
26316,4,2
8231,1,1
5673,0,0
10660,1,1
5005,0,0
11074,1,1
2583,0,0
28417,5,5
25099,4,4
4759,0,0
31042,6,6
8725,1,1
18364,2,2
22283,3,3
3971,0,0
17455,2,2
16975,2,2
19024,2,3
21245,3,1
7628,0,0
2684,0,0
19486,3,3
11327,1,1
5337,0,0
25721,4,4
18092,2,1
19245,3,3
10504,1,1
13793,1,1
3177,0,0
12340,1,1
29325,5,0
11591,1,1
6672,0,0
11742,1,1
25629,4,4
2582,0,0
2724,0,0
6067,0,0
19802,3,3
23373,3,0
29566,5,5
29357,5,2
25744,4,3
3334,0,0
16899,2,2
9430,1,0
24522,3,3
2171,0,0
19699,3,3
18644,2,2
7934,0,0
31982,6,5
23882,3,3
4699,0,0
27471,5,3
9625,1,1
32218,6,6
26573,5,0
20086,3,3
14909,2,0
31663,6,6
12507,1,1
31787,6,1
30394,6,3
7217,0,0
14338,1,1
25497,4,4
18867,2,2
22478,3,3
26749,5,0
12273,1,1
14881,2,2
10149,1,1
24698,4,1
5556,0,0
10645,1,1
5456,0,0
2579,0,0
15119,2,2
17539,2,2
20610,3,0
12384,1,1
15571,2,1
5501,0,0
13651,1,1
18462,2,2
28453,5,0
13530,1,2
4387,0,0
8285,1,1
291,0,0
18875,2,2
28217,5,5
2085,0,0
9396,1,1
9747,1,1
16089,2,0
13742,1,1
13852,1,1
22500,3,3
17089,2,0
27003,5,5
21234,3,3
1553,0,0
1765,0,2
24184,3,3
13985,1,1
2865,0,0
8145,0,0
4303,0,0
11275,1,1
22691,3,3
3740,0,0
9687,1,1
29117,5,0
31281,6,1
16640,2,1
27007,5,1
27086,5,0
4104,0,0
15168,2,2
20784,3,3
30594,6,6
2797,0,0
30919,6,1
17219,2,0
25904,4,1
16174,2,2
23876,3,3
741,0,0
12353,1,1
27108,5,2
18407,2,2
2549,0,0
24699,4,1
28296,5,0
16381,2,2
4739,0,0
4286,0,0
2496,0,0
18712,2,0
17791,2,2
12167,1,2
10600,1,1
27317,5,0
27914,5,0
4438,0,0
12293,1,1
28768,5,2
4702,0,0
1827,0,0
640,0,0
11052,1,1
17097,2,3
26679,5,0
21502,3,3
25847,4,0
953,0,0
8218,1,1
19234,3,2
16783,2,2
31396,6,6
8670,1,1
5160,0,0
8085,0,0
17496,2,0
11791,1,1
8485,1,1
20030,3,0
27546,5,5
14771,2,2
27043,5,1
28772,5,0
4040,0,0
3566,0,0
11142,1,1
17521,2,2
1202,0,0
7898,0,0
27927,5,5
30553,6,6
16668,2,2
11081,1,1
24982,4,4
24235,3,6
1322,0,0
8821,1,1
27453,5,0
13197,1,1
4391,0,0
12367,1,1
11642,1,1
3211,0,0
18401,2,2
3308,0,0
29701,5,5
23951,3,3
2081,0,0
13040,1,1
22048,3,2
15486,2,2
6769,0,0
13674,1,1
5880,0,0
24353,3,3
12784,1,1
27340,5,5
11262,1,1
25245,4,4
9397,1,1
30931,6,4
26648,5,5
28457,5,2
8525,1,1
8908,1,1
27021,5,5
31837,6,6
16135,2,0
8398,1,1
5164,0,0
2221,0,0
21403,3,0
30836,6,3
18859,2,1
19948,3,3
431,0,0
27602,5,0
17893,2,3
2687,0,0
512,0,0
7724,0,0
15931,2,0
1901,0,0
23676,3,3
27713,5,5
12088,1,1
4072,0,0
31151,6,6
9986,1,1
13583,1,1
21647,3,3
14198,1,1
18317,2,2
26753,5,5
30749,6,6
18920,2,1
4749,0,0
30982,6,1
15405,2,2
24040,3,3
9391,1,1
8248,1,1
4480,0,0
24163,3,6
3979,0,0
27434,5,5
8672,1,1
27826,5,3
31022,6,6
22406,3,0
14848,2,2
26270,4,2
19530,3,3
2955,0,0
9660,1,1
14582,2,2
31603,6,1
8021,0,0
13972,1,1
230,0,0
8440,1,1
12912,1,1
23336,3,3
18849,2,0
5584,0,0
11500,1,1
2762,0,0
19812,3,3
20060,3,3
28490,5,5
23983,3,3
18688,2,1
124,0,0
5464,0,0
21433,3,3
30118,6,0
31419,6,2
6271,0,0
8874,1,1
9252,1,1
30153,6,3
30322,6,6
19450,3,3
29499,5,5
5532,0,0
12063,1,1
20115,3,3
12689,1,1
12702,1,1
19763,3,3
1336,0,0
18651,2,2
29337,5,5
1470,0,0
21375,3,3
6111,0,0
14654,2,2
1642,0,0
32036,6,0
11387,1,1
3494,0,0
4320,0,0
2362,0,0
26712,5,5
9791,1,1
11776,1,1
5341,0,0
6633,0,0
2133,0,0
18430,2,2
5838,0,0
23338,3,3
25909,4,4
10917,1,1
15547,2,2
2088,0,0
22143,3,3
1873,0,0
12783,1,1
13396,1,1
2485,0,0
16694,2,2
31324,6,0
299,0,0
31466,6,3
31859,6,3
28899,5,5
11654,1,1
28904,5,5
28778,5,0
12630,1,1
4178,0,0
9331,1,1
3668,0,0
17476,2,2
6983,0,0
18759,2,3
4484,0,0
17564,2,2
13540,1,1
26027,4,0
23682,3,3
6253,0,0
3482,0,0
18835,2,3
30382,6,6
8344,1,1
21883,3,3
752,0,0
15610,2,0
16736,2,2
9666,1,3
10210,1,1
21974,3,3
11827,1,1
3548,0,0
21385,3,3
4788,0,0
16321,2,2
25804,4,4
13695,1,1
28664,5,5
1147,0,0
30241,6,1
8866,1,1
7178,0,0
30364,6,0
18630,2,2
18650,2,2
1474,0,0
23686,3,3
13620,1,1
20835,3,3
3995,0,0
24571,3,3
26438,4,3
21361,3,3
23428,3,3
26757,5,1
9693,1,1
30593,6,3
12766,1,1
12053,1,1
22636,3,3
26550,5,5
27473,5,5
18956,2,0
11511,1,1
27537,5,5
30460,6,6
13614,1,1
16773,2,5
25254,4,2
20261,3,3
19415,3,3
29906,6,3
3711,0,0
31942,6,6
6888,0,0
15364,2,2
30101,6,0
16196,2,1
4322,0,0
23272,3,1
14770,2,2
32065,6,3
14734,2,0
3284,0,0
28986,5,5
24236,3,3
29372,5,6
3658,0,0
13367,1,1
18106,2,1
19987,3,3
24754,4,4
24742,4,2
26786,5,0
29106,5,1
6813,0,0
22777,3,0
26530,5,5
30042,6,6
17968,2,2
4977,0,0
8476,1,1
2991,0,0
21868,3,3
10994,1,2
29939,6,3
18046,2,2
15993,2,1
5260,0,0
13784,1,1
1947,0,0
28545,5,5
5770,0,0
14499,2,2
28895,5,0
12406,1,1
1612,0,0
16398,2,2
6547,0,0
25439,4,2
30537,6,1
30112,6,3
29415,5,5
1026,0,0
17983,2,1
23340,3,3
30046,6,2
9056,1,1
4265,0,0
10841,1,1
26183,4,0
14833,2,2
6235,0,0
17574,2,3
23663,3,3
22896,3,3
25038,4,1
35,0,0
1730,0,0
6759,0,0
27349,5,5
7012,0,0
1471,0,0
8124,0,0
10525,1,1
9382,1,1
28901,5,5
31586,6,3
1422,0,0
25437,4,4
29123,5,5
2055,0,0
29339,5,0
31294,6,6
7414,0,0
7209,0,0
10520,1,1
12969,1,1
6341,0,0
6188,0,0
28274,5,0
9811,1,1
17117,2,2
26033,4,4
5461,0,0
14234,1,1
15002,2,2
13736,1,1
5771,0,0
19003,2,1
26332,4,4
1393,0,0
15165,2,2
382,0,0
3169,0,0
6134,0,0
19588,3,3
17950,2,2
7231,0,0
13599,1,1
24886,4,2
32129,6,6
23796,3,3
30930,6,3
31172,6,3
21370,3,3
20275,3,3
13977,1,1
802,0,0
18840,2,2
19725,3,3
5954,0,0
5975,0,0
16745,2,1
25952,4,0
15968,2,2
11403,1,1
31113,6,6
12586,1,3
12596,1,1
20830,3,3
32067,6,6
3831,0,0
12517,1,1
2595,0,0
3635,0,0
29385,5,5
26383,4,3
15430,2,2
29439,5,5
9296,1,1
2408,0,0
19695,3,3
13816,1,1
32310,6,6
18701,2,2
16790,2,2
18938,2,2
11903,1,1
16819,2,2
14720,2,2
8442,1,1
32524,6,1
8489,1,1
27775,5,5
13441,1,1
18780,2,1
5824,0,0
15725,2,3
12525,1,1
14398,1,1
12655,1,1
4147,0,0
26068,4,4
30608,6,3
31351,6,6
2703,0,0
25919,4,0
18839,2,2
24785,4,0
16426,2,2
29363,5,5
13693,1,5
11032,1,1
2752,0,0
7908,0,0
15311,2,0
3885,0,0
28571,5,5
1666,0,0
32204,6,6
10824,1,1
4580,0,0
31268,6,2
18258,2,2
8270,1,1
3270,0,0
15440,2,2
15829,2,2
14747,2,0
27667,5,5
15809,2,2
15900,2,1
22459,3,3
17187,2,1
30868,6,3
6778,0,0
32042,6,1
30185,6,3
32545,6,3
26052,4,3
31093,6,3
12250,1,1
9128,1,1
29474,5,5
10422,1,1
10202,1,1
13804,1,1
10341,1,1
31627,6,6
11243,1,1
16003,2,0
14416,1,1
14487,2,2
12741,1,1
24954,4,0
13141,1,1
6815,0,0
6868,0,0
23227,3,3
27363,5,5
15274,2,1
4832,0,0
14740,2,2
283,0,0
17190,2,1
19017,2,3
2250,0,0
2259,0,0
3451,0,0
7600,0,0
11474,1,1
32082,6,2
11959,1,1
5864,0,0
16415,2,2
20897,3,3
4984,0,0
28242,5,0
31380,6,3
20007,3,3
32108,6,2
6126,0,0
29747,6,3
3702,0,0
18962,2,2
23041,3,2
611,0,0
18692,2,1
21040,3,3
70,0,0
18479,2,2
15353,2,2
32221,6,0
20758,3,3
25152,4,4
10352,1,1
2316,0,0
23211,3,3
17571,2,2
27006,5,5
31957,6,6
8047,0,0
10950,1,1
31841,6,0
27773,5,5
13357,1,1
5777,0,0
24990,4,4
3329,0,0
18788,2,2
12331,1,1
31296,6,3
4140,0,0
13581,1,1
9683,1,1
30705,6,2
23159,3,3
12079,1,0
13038,1,1
26704,5,0
26524,5,0
30049,6,1
5025,0,0
23293,3,3
7109,0,0
30369,6,3
28955,5,2
27972,5,5
6072,0,0
31199,6,3
21853,3,3
17271,2,2
6434,0,0
13083,1,1
18084,2,2
21053,3,3
18190,2,2
26694,5,0
10543,1,1
9568,1,1
13339,1,1
5894,0,0
26374,4,2
11558,1,1
11285,1,1
29080,5,1
23957,3,3
24281,3,3
22679,3,2
1179,0,0
6757,0,0
14146,1,1
6108,0,0
22381,3,3
10376,1,1
9038,1,1
20577,3,3
17644,2,3
22472,3,3
7828,0,0
8101,0,0
12613,1,1
13819,1,1
6039,0,0
9898,1,0
23032,3,3
1121,0,0
26214,4,2
959,0,0
26474,5,5
26469,5,5
6803,0,0
21157,3,3
17407,2,2
23609,3,3
26468,5,0
12620,1,1
18386,2,3
22171,3,3
17469,2,2
15363,2,3
25730,4,4
29204,5,5
29286,5,5
8213,1,1
17170,2,2
29839,6,3
31794,6,0
1163,0,0
1175,0,0
14897,2,0
18851,2,1
14768,2,2
19793,3,3
11925,1,1
16826,2,2
2277,0,0
17673,2,2
5405,0,0
17926,2,0
6128,0,0
5727,0,0
22364,3,3
22954,3,3
18568,2,2
20941,3,3
17126,2,1
26543,5,1
32404,6,6
147,0,0
25695,4,3
31578,6,3
15542,2,0
31563,6,3
20885,3,3
5042,0,0
43,0,0
9542,1,1
23858,3,3
30284,6,0
14983,2,2
18529,2,2
27009,5,2
20430,3,3
6263,0,0
15943,2,2
30620,6,6
15001,2,2
31387,6,6
24598,4,0
5525,0,0
5659,0,0
32277,6,2
24898,4,4
27030,5,5
6280,0,0
3316,0,0
3840,0,0
7042,0,0
16675,2,3
15772,2,2
7406,0,0
11247,1,1
20888,3,3
3939,0,0
30189,6,1
27671,5,0
9536,1,1
16190,2,1
25034,4,4
17789,2,2
11625,1,1
12909,1,0
3595,0,0
2694,0,0
23778,3,3
3210,0,0
13976,1,3
30204,6,1
30040,6,6
28844,5,5
9482,1,1
29907,6,3
25630,4,2
17215,2,2
25972,4,4
13744,1,1
24656,4,4
11320,1,1
10130,1,1
29244,5,5
25252,4,3
2445,0,0
28867,5,5
21463,3,3
28335,5,5
4972,0,0
15473,2,1
16582,2,1
3102,0,0
5284,0,0
30764,6,1
27620,5,2
18760,2,2
25100,4,2
22189,3,3
21250,3,3
26322,4,3
30487,6,2
8892,1,1
11899,1,1
8156,0,0
15793,2,2
15832,2,1
14279,1,1
27000,5,1
10241,1,2
5671,0,0
10328,1,1
3426,0,0
4501,0,0
24424,3,3
32145,6,6
19395,3,3
22272,3,3
8197,1,1
616,0,0
29908,6,6
12829,1,1
26565,5,5
5098,0,0
12694,1,3
28447,5,0
24284,3,3
7346,0,0
28402,5,0
19484,3,3
26820,5,0
31526,6,3
8880,1,1
8477,1,1
12228,1,1
21044,3,3
13837,1,1
15214,2,2
25584,4,0
4634,0,0
23330,3,0
18355,2,3
14804,2,2
29232,5,5
25480,4,3
14991,2,2
16552,2,2
23586,3,3
26969,5,0
23979,3,3
19688,3,3
16273,2,2
1323,0,0
18902,2,2
8591,1,1
24004,3,3
11290,1,1
11399,1,1
13022,1,1
22172,3,3
21302,3,3
7665,0,0
6562,0,0
27457,5,5
7680,0,0
16495,2,2
20999,3,3
503,0,0
30378,6,3
16148,2,2
5987,0,0
12514,1,1
10646,1,1
32554,6,1
17914,2,2
30160,6,6
10162,1,1
28461,5,5
11896,1,1
11076,1,1
14931,2,3
10944,1,1
21036,3,3
13356,1,1
22985,3,3
7294,0,0
27876,5,5
6620,0,0
28488,5,5
17477,2,1
30801,6,3
27944,5,5
11793,1,1
14664,2,3
2333,0,0
18736,2,0
25327,4,0
25413,4,0
25137,4,1
18240,2,2
7721,0,0
30399,6,2
30726,6,3
26621,5,0
1603,0,0
25583,4,2
19384,3,3
23493,3,3
32198,6,3
31872,6,3
5708,0,0
22039,3,3
27533,5,0
16685,2,3
16689,2,2
4525,0,0
7682,0,0
28819,5,5
32172,6,1
24631,4,0
1033,0,0
31174,6,3
10227,1,1
16785,2,3
32523,6,3
6489,0,0
10389,1,1
18340,2,2
12554,1,1
31941,6,3
16718,2,2
3844,0,0
3653,0,0
27298,5,5
30632,6,3
32319,6,1
13821,1,1
6656,0,0
22307,3,3
21958,3,3
9051,1,1
17242,2,0
23256,3,3
29226,5,0
9433,1,1
17148,2,2
28012,5,5
1056,0,0
26264,4,4
10250,1,1
5572,0,0
31213,6,3
14798,2,3
1183,0,0
907,0,0
12332,1,3
21512,3,3
25992,4,3
32325,6,0
9159,1,1
1347,0,0
24764,4,4
22034,3,3
12113,1,1
3101,0,0
18534,2,1
20429,3,3
25565,4,1
263,0,0
6223,0,0
24358,3,3
30581,6,3
27414,5,0
17820,2,1
7102,0,0
27830,5,5
13049,1,1
7552,0,0
11293,1,1
16933,2,2
32503,6,3
30779,6,2
11117,1,1
4351,0,0
5379,0,0
27264,5,5
150,0,0
3229,0,0
29650,5,5
30256,6,6
18775,2,2
10884,1,1
22442,3,3
11524,1,1
30103,6,3
5658,0,0
5786,0,0
7907,0,0
7826,0,0
5844,0,0
6646,0,0
19311,3,3
16599,2,2
3099,0,0
25457,4,2
4336,0,0
26769,5,5
21490,3,3
19813,3,3
9427,1,1
7747,0,0
14314,1,1
19819,3,3
6248,0,0
6552,0,0
4253,0,0
22561,3,0
9998,1,1
16272,2,1
22638,3,3
10475,1,1
14410,1,1
14359,1,1
22006,3,3
5468,0,0
25082,4,4
8735,1,1
8904,1,1
8557,1,1
18531,2,2
29641,5,5
21866,3,3
25974,4,5
13253,1,1
29925,6,1
20525,3,3
7375,0,0
23681,3,3
11418,1,1
18772,2,2
20489,3,3
27447,5,5
19491,3,3
19141,2,2
16893,2,2
26337,4,3
2815,0,0
22033,3,3
15789,2,2
28468,5,5
24922,4,1
315,0,0
22113,3,3
23372,3,3
1915,0,0
20946,3,3
29006,5,0
22895,3,3
32370,6,3
24529,3,3
6379,0,0
9485,1,1
13658,1,1
12654,1,1
22750,3,3
28269,5,0
13172,1,1
31810,6,3
17712,2,2
12555,1,1
12350,1,5
24568,3,3
16674,2,2
2117,0,0
16853,2,2
2813,0,0
9097,1,1
6216,0,0
24906,4,3
9226,1,1
13449,1,1
290,0,0
15416,2,3
24814,4,1
7286,0,0
5196,0,0
10515,1,1
29574,5,5
26549,5,0
25620,4,4
8375,1,1
2214,0,0
29679,5,5
24120,3,3
28635,5,0
28163,5,5
16852,2,2
875,0,0
7427,0,0
3993,0,0
22270,3,3
27974,5,5
12009,1,1
27110,5,5
820,0,0
28745,5,5
12520,1,1
30339,6,6
32499,6,0
8483,1,1
22916,3,3
20507,3,3
14471,2,3
12422,1,1
26680,5,1
15252,2,2
14920,2,2
2588,0,0
19365,3,3
31770,6,6
25577,4,0
23934,3,3
12133,1,1
10462,1,1
24520,3,3
17867,2,2
1729,0,0
10212,1,1
24949,4,3
30056,6,3
25286,4,0
31932,6,6
1387,0,0
11904,1,1
7916,0,0
25108,4,4
2375,0,0
16431,2,2
5440,0,0
1133,0,0
25276,4,0
9534,1,3
10125,1,1
2592,0,0
12326,1,1
15239,2,2
25190,4,0
24750,4,4
16636,2,2
2300,0,0
31161,6,1
13372,1,1
17704,2,0
20498,3,3
19375,3,3
6921,0,0
17316,2,1
22527,3,3
7327,0,0
25260,4,1
20201,3,3
32086,6,6
349,0,0
28996,5,0
5224,0,0
10413,1,1
2501,0,0
2309,0,0
7241,0,0
5825,0,0
8922,1,5
31986,6,1
29253,5,5
19862,3,3
19734,3,3
14840,2,0
26099,4,2
30223,6,6
22676,3,3
7751,0,0
30304,6,3
167,0,0
11832,1,1
25905,4,3
6020,0,0
17267,2,1
7542,0,0
23661,3,2
1644,0,0
32387,6,6
2414,0,0
21454,3,3
6425,0,0
12524,1,1
10949,1,1
3612,0,0
10958,1,1
11378,1,2
25361,4,4
30243,6,6
5940,0,0
7842,0,0
2760,0,0
17813,2,2
27327,5,0
12740,1,3
32359,6,2
3503,0,0
247,0,0
13090,1,1
15238,2,2
21525,3,3
27320,5,5
16164,2,2
30404,6,1
450,0,0
487,0,0
15980,2,2
24274,3,0
22944,3,3
6934,0,0
21898,3,3
11414,1,1
31492,6,6
18016,2,2
8757,1,1
25659,4,4
23432,3,2
27248,5,0
7132,0,0
8721,1,1
13352,1,1
17705,2,2
6395,0,0
28884,5,0
1063,0,0
23536,3,3
8786,1,1
11960,1,1
10009,1,1
23636,3,3
26575,5,5
28655,5,5
1114,0,0
21789,3,1
16249,2,2
23403,3,3
13714,1,1
29990,6,2
8331,1,1
31226,6,3
7348,0,0
3001,0,0
16036,2,3
23910,3,3
27046,5,5
2441,0,0
22228,3,3
4546,0,0
12708,1,1
10098,1,1
7117,0,0
1662,0,0
7676,0,0
32080,6,6
791,0,0
7152,0,0
31232,6,3
10026,1,1
17825,2,2
29015,5,2
27188,5,5
26117,4,0
13520,1,3
28836,5,5
14383,1,0
12953,1,1
10381,1,1
18843,2,1
29915,6,3
26979,5,5
29377,5,5
19962,3,3
28717,5,0
20472,3,3
12865,1,1
24796,4,4
20241,3,3
18530,2,2
21593,3,3
25708,4,0
3197,0,0
4479,0,0
9453,1,1
15541,2,2
7885,0,0
20814,3,1
12354,1,1
20771,3,3
8377,1,1
15758,2,2
23243,3,3
12252,1,1
23475,3,6
4602,0,0
11869,1,1
27704,5,5
16584,2,2
1371,0,0
29094,5,5
18794,2,2
17498,2,2
1106,0,0
22591,3,3
24713,4,5
4026,0,0
11361,1,1
25951,4,3
28265,5,5
11438,1,1
28486,5,5
720,0,0
18783,2,2
31284,6,3
4720,0,0
8191,1,1
15894,2,2
21604,3,3
16227,2,2
9565,1,1
4605,0,0
15297,2,2
12381,1,1
7341,0,0
9380,1,1
29578,5,3
1086,0,1
25454,4,4
7505,0,0
13649,1,1
15299,2,1
15112,2,1
23783,3,3
20455,3,3
21019,3,3
11651,1,1
8957,1,1
2332,0,0
30744,6,3
12434,1,1
19827,3,3
16796,2,2
10981,1,1
18131,2,2
24961,4,0
19016,2,0
10904,1,1
15204,2,0
27818,5,1
15594,2,2
27536,5,5
2145,0,0
18134,2,0
9614,1,1
30833,6,6
21653,3,3
24112,3,3
27081,5,1
27442,5,0
17720,2,2
10821,1,1
18095,2,2
1418,0,0
1311,0,0
19887,3,3
26563,5,0
9787,1,1
28298,5,5
5875,0,0
3608,0,0
19536,3,1
23463,3,3
15421,2,2
10935,1,1
21138,3,3
9267,1,1
4375,0,0
25770,4,3
22140,3,3
4128,0,0
27198,5,5
22183,3,3
2639,0,0
4036,0,0
31605,6,6
7397,0,0
7420,0,0
6350,0,0
15362,2,0
23511,3,3
22781,3,3
23270,3,3
3035,0,0
601,0,0
26717,5,5
22117,3,3
26283,4,0
27859,5,5
16775,2,2
14200,1,1
27589,5,5
8045,0,0
7581,0,0
1916,0,0
409,0,0
9266,1,1
10421,1,1
3827,0,0
3350,0,0
9509,1,1
19193,2,2
4152,0,0
27916,5,5
12058,1,1
29035,5,0
30657,6,3
12086,1,1
28073,5,5
12650,1,1
14018,1,5
6309,0,0
22870,3,0
15049,2,2
17305,2,2
17691,2,2
221,0,0
27310,5,5
1107,0,0
12238,1,1
7886,0,2
6965,0,0
7335,0,0
16217,2,0
31522,6,6
20270,3,3
12357,1,1
25928,4,3
380,0,0
22020,3,0
23827,3,3
649,0,0
22336,3,3
22476,3,3
21479,3,3
15287,2,2
25492,4,0
22461,3,2
1822,0,0
29789,6,3
27748,5,0
25021,4,1
17661,2,0
20230,3,3
22960,3,3
2152,0,0
12493,1,1
22961,3,3
14411,1,1
23216,3,3
607,0,0
21719,3,3
25073,4,4
15490,2,2
3589,0,0
22727,3,0
23307,3,3
5388,0,0
32540,6,1
22628,3,3
15712,2,1
21185,3,3
31308,6,6
25841,4,4
15259,2,2
22425,3,3
26216,4,2
9418,1,1
28459,5,5
24411,3,3
6133,0,0
10768,1,1
18697,2,2
3421,0,2
5548,0,0
12310,1,1
25693,4,4
5449,0,0
22838,3,3
31733,6,2
28971,5,5
4252,0,0
30217,6,3
21528,3,3
25306,4,4
2862,0,0
14774,2,2
14189,1,1
24402,3,3
18388,2,2
1338,0,0
22688,3,3
26063,4,6
31041,6,1
24669,4,0
5514,0,0
24312,3,3
10811,1,1
32281,6,3
30417,6,6
5455,0,0
8639,1,1
23224,3,3
7462,0,0
13064,1,1
9774,1,1
22458,3,3
327,0,0
231,0,0
13802,1,1
5860,0,0
3272,0,0
26195,4,4
9058,1,1
28035,5,0
28247,5,5
26339,4,0
23768,3,3
11453,1,1
18008,2,1
8761,1,1
30865,6,2
7305,0,0
75,0,0
4,0,0
29648,5,5
14242,1,1
1108,0,0
12535,1,1
19204,2,3
2209,0,0
25768,4,4
9653,1,1
2386,0,0
21610,3,3
748,0,0
30464,6,3
30926,6,6
4825,0,0
13925,1,1
15981,2,2
27521,5,0
5937,0,0
21423,3,3
15544,2,2
1261,0,0
2359,0,0
1599,0,0
14202,1,1
18433,2,2
476,0,0
18918,2,2
10319,1,1
19153,2,2
31709,6,6
4048,0,0
16192,2,2
9535,1,1
11305,1,1
20658,3,3
259,0,0
30368,6,3
14583,2,2
23290,3,1
5815,0,0
24458,3,3
31918,6,0
5045,0,0
11423,1,1
21780,3,3
6870,0,0
6428,0,0
3537,0,0
8500,1,3
26101,4,4
10984,1,1
18387,2,2
26771,5,5
29971,6,3
6916,0,0
32279,6,6
8054,0,0
2701,0,0
8387,1,1
11325,1,1
10277,1,1
4455,0,0
23168,3,3
18583,2,2
8090,0,0
29395,5,5
21979,3,3
10721,1,1
547,0,0
11614,1,1
19081,2,2
17596,2,1
7528,0,0
30548,6,1
14525,2,6
27940,5,0
10468,1,1
13208,1,1
30113,6,0
15050,2,0
11733,1,1
10495,1,1
2619,0,0
3504,0,0
24628,4,0
18652,2,2
21270,3,1
8870,1,3
23396,3,3
1796,0,0
25999,4,1
11307,1,1
20987,3,1
14386,1,1
11321,1,1
20300,3,3
10586,1,1
8604,1,1
14752,2,2
30170,6,3
23748,3,2
4685,0,0
20077,3,3
6505,0,0
26941,5,5
31173,6,3
8742,1,1
28092,5,5
4097,0,0
7888,0,0
3418,0,0
17166,2,2
23207,3,3
18715,2,2
6746,0,0
12560,1,1
2740,0,0
20122,3,1
10989,1,1
17486,2,2
7325,0,0
17183,2,5
13260,1,1
9736,1,1
14672,2,0
22709,3,2
23317,3,3
21394,3,3
20804,3,3
22889,3,1
27451,5,0
28760,5,5
6186,0,0
12578,1,1
19929,3,3
5707,0,0
32464,6,6
29298,5,2
25365,4,1
21860,3,3
8834,1,1
11163,1,1
24705,4,2
2864,0,0
26360,4,0
14136,1,1
22028,3,3
8413,1,1
16277,2,2
5496,0,0
21990,3,3
8873,1,1
18089,2,3
2870,0,0
12593,1,1
3988,0,0
22607,3,3
2350,0,0
30922,6,3
20397,3,3
16847,2,2
5512,0,0
11034,1,1
25077,4,1
18623,2,2
16068,2,2
5214,0,0
16739,2,0
7722,0,0
20533,3,3
26605,5,5
18779,2,2
8082,0,0
4003,0,0
21414,3,3
8161,0,0
6625,0,0
10951,1,1
3002,0,0
3016,0,0
26328,4,4
734,0,0
23421,3,3
25434,4,4
14049,1,1
23719,3,3
29243,5,0
21521,3,0
6821,0,0
11127,1,1
10501,1,1
4843,0,0
9240,1,1
27279,5,0
23916,3,3
9287,1,1
11635,1,1
26233,4,3
25863,4,6
20687,3,3
6634,0,0
21186,3,3
21112,3,3
4785,0,0
12756,1,1
21651,3,3
25829,4,2
25631,4,0
20110,3,3
15944,2,2
13640,1,1
6325,0,0
19005,2,2
4471,0,0
12364,1,1
10969,1,1
6550,0,0
25228,4,0
12341,1,1
24606,4,1
10673,1,1
11495,1,1
11940,1,1
27204,5,5
19651,3,2
1580,0,0
28786,5,3
1911,0,0
14495,2,2
91,0,0
14919,2,2
25157,4,2
188,0,0
31509,6,6
12092,1,1
28320,5,0
7204,0,0
24668,4,2
13366,1,3
31254,6,6
26608,5,5
14742,2,2
321,0,0
29720,5,0
13845,1,1
8902,1,1
4740,0,0
12725,1,1
21287,3,3
4291,0,0
28484,5,0
30367,6,1
16687,2,1
5533,0,0
194,0,0
15888,2,2
2830,0,0
21440,3,1
20031,3,3
6069,0,1
13812,1,1
2516,0,0
26767,5,5
11526,1,1
12885,1,1
27673,5,3
3930,0,0
23810,3,3
756,0,0
28431,5,0
8629,1,1
31915,6,6
9480,1,1
9994,1,1
22624,3,3
13160,1,1
19706,3,3
23318,3,3
6245,0,0
13370,1,3
32397,6,6
19890,3,3
1747,0,0
11355,1,1
14454,2,2
31012,6,1
1052,0,0
31546,6,6
12679,1,1
22535,3,3
2444,0,0
5339,0,0
15626,2,2
17440,2,2
13114,1,1
29511,5,5
21915,3,3
23969,3,3
24480,3,3
7794,0,0
21984,3,3
26314,4,3
9849,1,1
24910,4,0
3628,0,0
8658,1,1
6048,0,0
4793,0,0
31653,6,1
22326,3,3
1349,0,0
30774,6,6
4730,0,0
8348,1,1
15656,2,2
21065,3,3
5711,0,0
30583,6,6
17003,2,1
22445,3,3
29368,5,5
13047,1,1
3753,0,0
27089,5,0
895,0,0
6035,0,0
30337,6,3
14428,1,1
3274,0,0
1808,0,0
7212,0,0
10708,1,1
17870,2,2
4814,0,0
9579,1,1
4416,0,0
8944,1,1
25637,4,2
6503,0,0
19519,3,3
22450,3,3
265,0,0
23151,3,3
7033,0,0
15035,2,2
7672,0,0
28795,5,0
6029,0,0
2937,0,0
10300,1,1
16245,2,2
29532,5,0
11702,1,1
31716,6,3
22805,3,3
8241,1,1
29913,6,3
6662,0,0
18197,2,1
6779,0,0
17900,2,2
31829,6,3
16444,2,2
2091,0,0
7578,0,0
9676,1,1
3884,0,0
14217,1,1
16960,2,5
12609,1,1
12904,1,1
1829,0,0
11365,1,1
2769,0,0
30870,6,6
26570,5,0
25463,4,3
28249,5,2
5505,0,0
11229,1,1
1809,0,0
26880,5,5
31625,6,1
27852,5,0
13626,1,1
13214,1,1
15101,2,2
15985,2,3
19258,3,3
13835,1,1
26662,5,5
7258,0,0
18151,2,2
32460,6,0
26344,4,2
17852,2,2
10301,1,1
29675,5,0
15978,2,2
9897,1,1
31019,6,6
965,0,0
14040,1,1
28193,5,1
16308,2,2
30227,6,3
29420,5,5
1065,0,0
8505,1,1
27358,5,5
26335,4,2
23458,3,3
15278,2,2
12830,1,1
23784,3,3
12263,1,1
4952,0,0
23940,3,3
22241,3,3
17676,2,1
9153,1,1
26239,4,3
8801,1,1
10855,1,1
3082,0,0
31846,6,6
28941,5,1
1592,0,0
13820,1,1
23461,3,3
25335,4,3
9798,1,1
17,0,0
5712,0,0
20564,3,3
18288,2,2
30996,6,3
22845,3,1
11806,1,1
32443,6,2
16239,2,2
27316,5,0
15296,2,2
2435,0,0
6688,0,0
13202,1,1
6404,0,0
24977,4,4
18963,2,2
20177,3,3
5163,0,0
30943,6,3
28308,5,5
10820,1,1
1493,0,0
2008,0,0
13211,1,1
22218,3,3
12014,1,1
7431,0,0
7438,0,0
12526,1,1
12377,1,1
15959,2,2
22438,3,3
6120,0,0
18478,2,1
21124,3,3
31491,6,3
22038,3,3
2269,0,0
17244,2,2
31741,6,3
17882,2,2
1801,0,0
12335,1,1
7395,0,0
26519,5,0
23581,3,3
31455,6,6
23356,3,3
10986,1,1
20188,3,3
8966,1,1
28533,5,5
29989,6,3
1303,0,0
22952,3,3
31728,6,3
9992,1,1
12637,1,1
19154,2,2
28683,5,0
2734,0,0
23013,3,3
29737,6,6
27639,5,5
29327,5,2
2546,0,0
9199,1,1
27144,5,5
14378,1,1
17128,2,2
13458,1,1
11830,1,1
4560,0,0
2195,0,0
26568,5,0
9570,1,1
1703,0,0
27441,5,0
19224,2,2
1290,0,0
13066,1,3
31010,6,3
29082,5,5
27820,5,1
26839,5,5
14364,1,1
12604,1,1
5393,0,0
12235,1,1
4678,0,0
15010,2,2
26104,4,0
15468,2,2
11203,1,1
5252,0,0
208,0,0
10859,1,1
18026,2,2
31671,6,6
396,0,0
12425,1,1
4010,0,0
11443,1,1
30747,6,6
17688,2,1
13991,1,1
25514,4,0
27066,5,5
4110,0,0
24076,3,3
9722,1,1
6944,0,0
15196,2,2
30719,6,3
23209,3,3
14722,2,1
11816,1,1
25811,4,0
14426,1,3
26072,4,4
1595,0,0
9541,1,1
28632,5,5
21987,3,3
29922,6,2
9112,1,1
5982,0,0
6612,0,0
30345,6,6
17664,2,2
26396,4,2
25642,4,0
25527,4,0
24555,3,3
28184,5,5
22251,3,0
19926,3,3
20685,3,3
29961,6,3
31611,6,3
18634,2,1
14085,1,1
23753,3,3
482,0,0
22071,3,3
772,0,0
7757,0,0
10926,1,1
28418,5,3
28509,5,5
6899,0,0
31594,6,6
31310,6,3
5391,0,0
21620,3,3
27013,5,5
3287,0,0
28389,5,5
25947,4,1
10671,1,1
10887,1,1
22141,3,3
31682,6,1
10007,1,1
18590,2,2
1465,0,0
8267,1,1
15556,2,2
2232,0,0
15491,2,2
991,0,0
7726,0,0
24470,3,3
27335,5,5
8895,1,1
8857,1,1
5804,0,0
28469,5,1
7468,0,0
28028,5,5
2784,0,0
27973,5,0
7576,0,0
8763,1,1
3581,0,0
17651,2,2
14474,2,2
3207,0,0
2319,0,0
8941,1,1
31880,6,5
30173,6,3
31542,6,3
19214,2,2
24924,4,2
12959,1,0
1807,0,0
8178,0,0
20005,3,3
1864,0,0
9284,1,1
20321,3,3
28403,5,5
12244,1,0
19757,3,3
9723,1,1
16737,2,0
31148,6,6
25628,4,0
7945,0,0
30406,6,6
10465,1,1
22325,3,3
7685,0,0
11711,1,0
3399,0,0
32479,6,2
12362,1,1
21973,3,3
24778,4,3
3919,0,0
18547,2,2
21926,3,3
18319,2,0
27372,5,1
5564,0,0
3214,0,0
21110,3,0
22848,3,3
13741,1,1
26495,5,5
29935,6,6
16425,2,1
23106,3,3
21216,3,3
11487,1,1
29948,6,3
14091,1,1
23693,3,6
27703,5,2
30509,6,3
27152,5,0
3181,0,0
3757,0,0
8351,1,1
30882,6,6
32191,6,6
5460,0,0
23187,3,3
15333,2,2
32109,6,2
11769,1,1
15852,2,2
4062,0,0
10881,1,1
26090,4,1
25403,4,0
10868,1,1
9194,1,1
7191,0,0
3616,0,0
31642,6,3
3541,0,0
17775,2,2
26764,5,0
1743,0,0
31856,6,3
29352,5,0
7249,0,0
7924,0,0
21333,3,3
4950,0,0
11313,1,1
1675,0,0
28278,5,5
119,0,0
9926,1,1
30481,6,3
5047,0,0
4119,0,0
8540,1,1
30034,6,0
5245,0,0
21365,3,3
3986,0,0
7606,0,0
21208,3,2
17292,2,2
22256,3,3
7997,0,0
7652,0,0
25120,4,4
28494,5,0
22501,3,3
13593,1,1
9672,1,1
21289,3,3
3142,0,0
13728,1,1
11919,1,1
30424,6,3
18021,2,2
20971,3,3
520,0,0
385,0,0
26135,4,4
13825,1,1
23359,3,3
9162,1,1
10385,1,1
22769,3,3
11311,1,1
139,0,0
28596,5,5
26811,5,5
14475,2,2
2449,0,0
16658,2,2
29547,5,0
29854,6,6
26408,4,4
438,0,0
23746,3,3
31995,6,6
168,0,0
24422,3,3
16591,2,2
10038,1,1
8615,1,1
3978,0,0
20848,3,3
27553,5,5
11253,1,1
3609,0,0
11323,1,1
28629,5,0
4696,0,0
24006,3,3
10398,1,1
23119,3,3
26222,4,0
8570,1,1
681,0,0
14992,2,1
29329,5,5
24971,4,3
1521,0,0
15298,2,2
23981,3,3
10192,1,1
6091,0,0
25182,4,1
2135,0,0
8439,1,1
5202,0,0
15860,2,2
30698,6,6
23430,3,3
17782,2,1
16536,2,2
2290,0,0
12344,1,1
28454,5,0
11248,1,1
3021,0,0
6682,0,0
459,0,0
27708,5,5
8354,1,1
11449,1,1
7570,0,0
30436,6,3
4459,0,0
4371,0,0
7743,0,0
21373,3,3
16270,2,2
10755,1,1
4289,0,0
12749,1,1
12837,1,1
25346,4,3
759,0,0
14461,2,2
27757,5,5
9285,1,1
9298,1,1
1201,0,0
20155,3,3
24372,3,3
21344,3,1
6433,0,0
16930,2,2
26826,5,0
2662,0,0
20622,3,3
24496,3,3
1978,0,3
1280,0,0
27168,5,0
30403,6,3
12093,1,1
15971,2,1
4388,0,0
18694,2,0
14825,2,2
6492,0,0
24725,4,2
20545,3,3
18538,2,2
23394,3,3
32514,6,2
1940,0,0
21149,3,5
2528,0,0
2420,0,0
10574,1,1
19736,3,3
4106,0,0
16349,2,3
16889,2,2
31927,6,3
24883,4,3
8025,0,0
26812,5,5
15448,2,2
4194,0,0
5871,0,0
1075,0,0
23025,3,0
17321,2,0
30547,6,6
15418,2,3
11288,1,1
21519,3,3
1397,0,0
5312,0,0
8513,1,3
31801,6,6
21579,3,3
2859,0,0
17122,2,1
25160,4,0
10445,1,1
25196,4,4
24445,3,3
11131,1,1
836,0,0
25255,4,2
19021,2,2
27419,5,5
26250,4,0
18973,2,2
18605,2,2
18006,2,2
2020,0,0
20761,3,3
25750,4,0
12170,1,1
17626,2,2
31072,6,2
26506,5,5
22421,3,3
2916,0,0
21483,3,3
12154,1,1
26667,5,5
29029,5,3
6281,0,0
18326,2,2
27949,5,5
29185,5,5
12680,1,1
10914,1,1
10676,1,1
14498,2,1
133,0,0
1334,0,0
12255,1,1
30579,6,3
7,0,0
4705,0,0
21037,3,3
22854,3,3
20735,3,3
9875,1,1
8729,1,1
29348,5,5
12536,1,1
19372,3,3
32184,6,6
9410,1,1
4715,0,0
18567,2,3
6744,0,0
11333,1,1
5181,0,0
19179,2,0
25462,4,5
14861,2,2
26398,4,4
20236,3,2
4085,0,0
14564,2,2
25958,4,4
16595,2,3
4293,0,0
8511,1,1
25334,4,4
6602,0,3
18455,2,2
4223,0,0
7445,0,0
18702,2,2
26078,4,0
21089,3,3
15354,2,2
6619,0,0
20731,3,3
11512,1,1
21819,3,3
8136,0,0
21238,3,3
24560,3,3
8372,1,1
25893,4,0
2252,0,0
5053,0,0
6352,0,0
15914,2,0
30725,6,0
18339,2,3
4068,0,0
26632,5,5
19919,3,6
964,0,0
19548,3,3
15824,2,2
9975,1,1
20495,3,3
13517,1,1
9887,1,1
13916,1,1
11044,1,1
27981,5,0
14307,1,1
14006,1,1
28720,5,5
25170,4,0
9413,1,1
5971,0,0
29437,5,5
28967,5,2
7839,0,0
2173,0,0
23069,3,3
24642,4,0
14957,2,2
24659,4,4
8537,1,1
18314,2,1
29612,5,2
23406,3,3
9674,1,1
25405,4,4
5048,0,0
12958,1,1
6918,0,0
7650,0,0
32587,6,6
26927,5,0
22347,3,3
7469,0,0
7690,0,0
30515,6,2
14978,2,2
18533,2,3
27095,5,0
3438,0,0
5427,0,0
16502,2,2
103,0,0
9640,1,1
16660,2,2
8969,1,1
4211,0,0
9698,1,1
12017,1,1
26885,5,5
20717,3,3
18517,2,2
31881,6,1
828,0,0
16492,2,2
28026,5,0
25407,4,4
5211,0,0
14366,1,1
15742,2,2
29505,5,0
21867,3,3
13120,1,1
32291,6,3
1631,0,0
22212,3,3
8049,0,0
27218,5,1
2434,0,0
26688,5,5
19378,3,3
19186,2,2
25575,4,0
24377,3,3
1830,0,0
14994,2,2
18910,2,0
20432,3,3
32439,6,3
6137,0,0
17299,2,2
8394,1,1
6049,0,0
18828,2,2
27366,5,0
28110,5,6
3366,0,0
3794,0,0
21303,3,3
8170,0,0
8552,1,1
21096,3,3
15481,2,2
22570,3,3
13706,1,1
19638,3,3
30089,6,1
13170,1,1
20488,3,3
16918,2,2
17711,2,2
17234,2,0
27956,5,0
12675,1,1
26011,4,0
4879,0,0
15837,2,2
14587,2,2
20053,3,3
16289,2,2
4202,0,0
30275,6,0
6911,0,0
23754,3,3
24213,3,3
26899,5,0
9961,1,1
17328,2,2
30172,6,3
23460,3,3
5437,0,0
30255,6,6
28888,5,5
29708,5,5
18083,2,2
6157,0,0
21307,3,3
27874,5,0
11068,1,1
2030,0,0
11974,1,1
23341,3,3
16763,2,2
16235,2,2
5174,0,0
14753,2,2
14169,1,1
20485,3,3
30669,6,3
32166,6,6
25834,4,1
29753,6,6
2225,0,0
16403,2,2
18947,2,0
9299,1,1
24869,4,4
31125,6,5
26651,5,5
11433,1,1
18124,2,2
15452,2,2
30420,6,6
22725,3,3
3328,0,0
18970,2,2
17655,2,2
28058,5,5
6400,0,0
8992,1,1
27038,5,5
32194,6,6
20637,3,3
22252,3,3
18813,2,2
29991,6,3
4043,0,0
14800,2,2
23192,3,3
10577,1,1
9210,1,1
32374,6,3
26358,4,0
18900,2,2
478,0,0
15057,2,0
29778,6,3
26291,4,4
10078,1,1
22869,3,3
3461,0,0
24801,4,0
12636,1,3
19796,3,3
13416,1,1
16936,2,2
25422,4,2
28669,5,5
20958,3,3
21290,3,3
23961,3,3
8943,1,1
12457,1,1
24719,4,0
6258,0,0
30057,6,3
8739,1,1
5621,0,0
6712,0,0
647,0,0
970,0,0
4258,0,0
25673,4,4
17842,2,1
29570,5,0
18434,2,1
22752,3,3
8674,1,1
21971,3,6
24093,3,3
18804,2,2
8868,1,1
23314,3,3
21069,3,3
4472,0,0
1009,0,0
25978,4,2
19716,3,3
4306,0,0
27370,5,0
17038,2,2
4015,0,0
7500,0,0
4101,0,0
11144,1,1
4550,0,0
28767,5,5
19132,2,2
8139,0,0
3226,0,0
26184,4,2
326,0,0
6244,0,0
29845,6,6
27653,5,5
29840,6,3
23160,3,1
27039,5,5
4990,0,0
18936,2,2
31587,6,6
20428,3,3
14055,1,1
21597,3,3
25172,4,4
2194,0,0
4745,0,0
9668,1,1
12540,1,1
11537,1,1
17788,2,2
29878,6,6
31365,6,1
27934,5,5
28429,5,5
9303,1,1
19428,3,3
13577,1,1
32567,6,3
23055,3,3
4774,0,0
24711,4,3
10761,1,3
17754,2,2
25262,4,0
30076,6,6
8929,1,1
11024,1,1
6165,0,0
21810,3,3
14053,1,1
5117,0,0
30892,6,6
17678,2,2
14592,2,2
27853,5,0
6388,0,0
4506,0,0
6095,0,0
21911,3,3
17583,2,1
22178,3,3
21021,3,4
17894,2,2
19373,3,3
31500,6,6
26906,5,0
15907,2,2
12346,1,1
30597,6,1
15780,2,2
13198,1,1
2748,0,0
20088,3,3
24904,4,0
20398,3,3
24844,4,2
14001,1,1
12705,1,1
1006,0,0
7901,0,0
24952,4,0
3942,0,0
29130,5,5
20964,3,3
26296,4,2
14891,2,2
13842,1,1
20578,3,0
15205,2,2
2707,0,0
24985,4,4
4618,0,0
3914,0,0
134,0,0
2299,0,0
15381,2,2
17233,2,2
14782,2,2
3351,0,0
435,0,0
3200,0,0
24237,3,3
27984,5,5
7836,0,0
20593,3,3
2855,0,0
311,0,0
24757,4,4
23395,3,3
3422,0,0
27883,5,5
29734,6,0
23469,3,3
13101,1,1
7785,0,0
316,0,0
19847,3,0
146,0,0
16904,2,2
29157,5,0
16954,2,2
26394,4,4
23120,3,3
26486,5,0
16430,2,2
30419,6,1
25332,4,2
10798,1,1
15258,2,2
11513,1,1
23306,3,1
6355,0,0
24321,3,1
5359,0,0
20639,3,3
10224,1,1
26288,4,1
819,0,0
4463,0,0
12193,1,1
7922,0,0
3486,0,0
6252,0,0
7799,0,0
6136,0,0
15220,2,0
30045,6,3
21464,3,3
28261,5,5
12863,1,1
28837,5,1
10835,1,1
24824,4,4
9152,1,1
3111,0,0
28798,5,5
26709,5,0
28589,5,5
8686,1,1
24339,3,3
6802,0,0
22648,3,3
1572,0,0
17048,2,2
30297,6,0
20665,3,5
6628,0,0
31377,6,3
7024,0,0
7998,0,0
17899,2,2
2495,0,0
18673,2,2
32550,6,2
8319,1,1
21146,3,3
2505,0,0
11931,1,1
25579,4,0
6088,0,0
25412,4,0
13914,1,1
18027,2,2
14613,2,2
27665,5,0
17687,2,2
31606,6,2
23684,3,2
26744,5,0
26341,4,3
31052,6,3
23433,3,3
28893,5,5
16519,2,1
6717,0,0
14906,2,2
32143,6,3
27802,5,0
27493,5,0
13315,1,1
6892,0,0
1011,0,0
29677,5,0
813,0,0
10429,1,1
13787,1,3
14213,1,1
1034,0,0
22873,3,3
2270,0,0
696,0,0
13332,1,1
21706,3,3
8318,1,1
15615,2,2
3704,0,0
26470,5,5
25874,4,4
1451,0,0
4215,0,0
11660,1,1
9328,1,1
2790,0,0
26894,5,0
3305,0,0
8504,1,1
5516,0,0
30811,6,1
22081,3,3
29779,6,6
30510,6,3
16215,2,2
16614,2,3
27806,5,5
31345,6,3
5421,0,0
6173,0,0
16895,2,3
19074,2,1
31018,6,3
29507,5,5
26947,5,0
25179,4,0
14787,2,2
3584,0,0
1888,0,0
29662,5,0
14775,2,3
18497,2,3
24362,3,3
20730,3,3
31277,6,3
5550,0,0
6842,0,0
10665,1,2
29667,5,0
12389,1,1
10609,1,1
6504,0,0
7801,0,0
13625,1,1
19032,2,2
1413,0,0
25636,4,3
1562,0,0
27212,5,5
2357,0,0
16647,2,2
21588,3,3
18022,2,2
4684,0,0
31413,6,3
1563,0,0
5784,0,0
8029,0,0
5259,0,0
12657,1,1
31771,6,6
3623,0,0
21553,3,3
12687,1,1
16730,2,2
22894,3,3
180,0,0
29316,5,5
22429,3,3
6919,0,0
13314,1,2
21014,3,3
9048,1,1
28917,5,5
12964,1,1
25612,4,1
31474,6,3
17681,2,3
5589,0,0
469,0,0
3994,0,0
25669,4,0
2166,0,0
10580,1,1
1027,0,0
13271,1,1
10719,1,1
1423,0,0
7502,0,0
16993,2,2
20346,3,3
6703,0,0
18371,2,2
26537,5,1
13823,1,1
14921,2,0
20510,3,3
30953,6,3
16024,2,2
26883,5,5
18295,2,2
10256,1,1
25366,4,3
1192,0,0
31921,6,3
7092,0,0
7497,0,0
6174,0,0
18465,2,2
8051,0,0
25922,4,4
31145,6,6
27861,5,5
4157,0,0
16966,2,3
2559,0,0
9406,1,1
11766,1,1
11315,1,1
23818,3,3
13943,1,1
11804,1,1
15794,2,2
23689,3,3
11551,1,1
3734,0,0
17986,2,2
25568,4,0
8132,0,0
15633,2,2
4447,0,0
25589,4,4
13307,1,1
3860,0,0
25716,4,0
22891,3,3
19690,3,3
29438,5,0
29446,5,5
21284,3,2
2604,0,0
24334,3,3
5102,0,0
8206,1,1
13544,1,1
14941,2,0
14470,2,0
15342,2,2
1297,0,0
5787,0,0
16095,2,2
22098,3,3
11507,1,0
21102,3,3
7713,0,0
22684,3,3
635,0,0
12214,1,1
30618,6,2
14702,2,2
14103,1,1
24559,3,3
9233,1,1
11762,1,1
17423,2,1
31906,6,3
13618,1,1
21656,3,0
27567,5,0
20693,3,5
4859,0,0
